first_name,middle_name,last_name,suffix,nickname,birthday,gender,start_date,end_date,party,class,type,state,district,bioguide,thomas,govtrack
Rudolph,Eli,Boschwitz,,Rudy,1930-11-07,,1978-01-01,1990-10-28,Republican,2,sen,MN,,B000647,01288,401611
Gordon,John,Humphrey,,,1940-10-09,,1979-01-15,1990-10-28,Republican,2,sen,NH,,H000951,01365,405795
James,Albertus,McClure,,,1924-12-27,M,1967-01-10,1990-10-28,Republican,2,sen,ID,,M000346,01394,407355
James,Terry,Sanford,,,1917-08-20,M,1986-01-01,1992-10-09,Democrat,3,sen,NC,,S000055,01427,409562
Brockman,,Adams,,Brock,1927-01-13,,1965-01-04,1992-10-09,Democrat,3,sen,WA,,A000031,00005,400692
Alan,,Cranston,,,1914-06-19,,1969-01-03,1992-10-09,Democrat,3,sen,CA,,C000877,01311,402990
Alan,John,Dixon,,,1927-07-07,,1981-01-05,1992-10-09,Democrat,3,sen,IL,,D000366,01317,403483
Wyche,,Fowler,Jr.,,1940-10-06,,1977-01-04,1992-10-09,Democrat,3,sen,GA,,F000329,00405,404277
Edwin,Jacob,Garn,,Jake,1932-10-12,M,1974-01-01,1992-10-09,Republican,3,sen,UT,,G000072,01338,404444
Robert,Walter,Kasten,Jr.,,1942-06-19,M,1975-01-14,1992-10-09,Republican,3,sen,WI,,K000019,00619,406190
Warren,Bruce,Rudman,,,1930-05-18,M,1980-01-01,1992-10-09,Republican,3,sen,NH,,R000497,01426,409456
Steven,Douglas,Symms,,,1938-04-23,,1973-01-03,1992-10-09,Republican,3,sen,ID,,S001138,01132,410588
Timothy,E.,Wirth,,,1939-09-22,M,1975-01-14,1992-10-09,Democrat,3,sen,CO,,W000647,01236,411801
Jim,,Bates,,,1941-07-21,,1983-01-03,1990-10-28,Democrat,,rep,CA,44,B000236,00065,401231
Lloyd,Millard,Bentsen,Jr.,,1921-02-11,,1947-01-03,1993-12-31,Democrat,1,sen,TX,,B000401,01282,401391
Corinne,Claiborne,Boggs,,Lindy,1916-03-13,,1973-01-03,1990-10-28,Democrat,,rep,LA,2,B000592,00103,401560
Douglas,Harry,Bosco,,,1946-07-28,,1983-01-03,1990-10-28,Democrat,,rep,CA,1,B000648,00112,401612
Joseph,Edward,Brennan,,,1934-11-02,M,1987-01-06,1990-10-28,Democrat,,rep,ME,1,B000798,00122,401755
John,William,Buechner,,Jack,1940-06-04,M,1987-01-06,1990-10-28,Republican,,rep,MO,2,B001036,00144,401986
Quentin,Northrup,Burdick,,,1908-06-19,,1959-01-07,1992-09-08,Democrat,1,sen,ND,,B001077,01297,402023
Richard,Bruce,Cheney,,,1941-01-30,M,1979-01-15,1990-10-28,Republican,,rep,WY,0,C000344,00193,402484
James,McClure,Clarke,,,1917-06-12,M,1983-01-03,1990-10-28,Democrat,,rep,NC,11,C000462,00200,402600
James,Andrew,Courter,,,1941-10-14,M,1979-01-15,1990-10-28,Republican,,rep,NJ,12,C000809,00241,402928
George,William,Crockett,Jr.,,1909-08-10,M,1979-01-15,1990-10-28,Democrat,,rep,MI,13,C000919,00252,403031
John,Claggett,Danforth,,,1936-09-05,M,1976-01-01,1994-12-01,Republican,1,sen,MO,,D000030,01314,403171
Dennis,Webster,DeConcini,,,1937-05-08,,1977-01-04,1994-12-01,Democrat,1,sen,AZ,,D000185,01315,403346
Charles,Gywnne,Douglas,III,,1942-12-02,M,1989-01-03,1990-10-28,Republican,,rep,NH,2,D000451,00312,403561
David,Ferdinand,Durenberger,,,1934-08-19,M,1978-01-01,1994-12-01,Republican,1,sen,MN,,D000566,01321,403669
Royden,Patrick,Dyson,,,1948-11-15,,1981-01-05,1990-10-28,Democrat,,rep,MD,1,D000593,00329,403696
Walter,Edward,Fauntroy,,,1933-02-06,M,1971-01-21,1990-10-28,Democrat,,rep,DC,0,F000046,00372,404006
Ronnie,Gene,Flippo,,,1937-08-15,,1977-01-04,1990-10-28,Democrat,,rep,AL,5,F000208,00390,404163
James,Joseph,Florio,,,1937-08-29,M,1975-01-14,1990-01-16,Democrat,,rep,NJ,1,F000215,00392,404170
William,Eldridge,Frenzel,,,1928-07-31,M,1971-01-21,1990-10-28,Republican,,rep,MN,3,F000380,00415,404325
Robert,,Garcia,,,1933-01-09,M,1977-01-04,1990-01-07,Democrat,,rep,NY,18,G000047,00429,404422
James,William,Grant,,,1943-09-21,M,1987-01-06,1990-10-28,Republican,,rep,FL,2,G000382,00456,404733
Augustus,Freeman,Hawkins,,Gus,1907-08-31,M,1963-01-09,1990-10-28,Democrat,,rep,CA,29,H000367,00515,405236
Henry,John,Heinz,III,,1938-10-23,M,1971-01-21,1991-12-31,Republican,1,sen,PA,,H000456,00528,405321
John,Patrick,Hiler,,,1953-04-24,M,1981-01-05,1990-10-28,Republican,,rep,IN,3,H000586,00537,405448
Robert,William,Kastenmeier,,,1924-01-24,M,1959-01-07,1990-10-28,Democrat,,rep,WI,2,K000020,00620,406191
James,Marvin,Leath,,,1931-05-06,M,1979-01-15,1990-10-28,Democrat,,rep,TX,11,L000180,00673,406682
Thomas,Andrew,Luken,,,1925-07-09,M,1973-01-03,1990-10-28,Democrat,,rep,OH,1,L000508,00713,406994
Donald,Edgar,Lukens,,,1931-02-11,M,1967-01-10,1990-10-28,Republican,,rep,OH,8,L000509,00715,406995
Lynn,Morley,Martin,,,1939-12-26,,1981-01-05,1990-10-28,Republican,,rep,IL,16,M000195,00742,407215
Spark,Masayuki,Matsunaga,,,1916-10-08,,1963-01-09,1990-10-28,Democrat,1,sen,HI,,M000250,00749,407268
Howard,Morton,Metzenbaum,,,1917-06-04,M,1974-01-01,1994-12-01,Democrat,1,sen,OH,,M000678,01400,407663
George,John,Mitchell,,,1933-08-20,M,1980-01-01,1994-12-01,Democrat,1,sen,ME,,M000811,01401,407786
Bruce,Andrew,Morrison,,,1944-10-08,,1983-01-03,1990-10-28,Democrat,,rep,CT,3,M000992,00835,407960
Howard,Curtis,Nielson,,,1924-09-12,M,1983-01-03,1990-10-28,Republican,,rep,UT,3,N000106,00865,408190
Stanford,E.,Parris,,,1929-09-09,,1973-01-03,1990-10-28,Republican,,rep,VA,8,P000080,00890,408490
Charles,,Pashayan,Jr.,,1941-03-27,M,1979-01-15,1990-10-28,Republican,,rep,CA,17,P000097,00891,408506
Donald,Wayne,Riegle,Jr.,,1938-02-04,M,1967-01-10,1994-12-01,Democrat,1,sen,MI,,R000249,00961,409225
Tommy,Franklin,Robinson,,,1942-03-07,,1985-01-03,1990-10-28,Republican,,rep,AR,2,R000354,00971,409325
John,,Rowland,,,1957-05-24,M,1985-01-03,1990-10-28,Republican,,rep,CT,5,R000482,00994,409443
Patricia,Fukuda,Saiki,,,1930-05-28,,1987-01-06,1990-10-28,Republican,,rep,HI,1,S000014,01008,409534
James,Ralph,Sasser,,,1936-09-30,M,1977-01-04,1994-12-01,Democrat,1,sen,TN,,S000068,01428,409580
Claudine,,Schneider,,,1947-03-25,,1981-01-05,1990-10-28,Republican,,rep,RI,2,S000136,01032,409644
Bill,,Schuette,,,1953-10-13,,1985-01-03,1990-10-28,Republican,,rep,MI,10,S000143,01034,409651
Norman,David,Shumway,,,1934-07-28,,1979-01-15,1990-10-28,Republican,,rep,CA,14,S000393,01054,409887
Dennis,Alan,Smith,,Denny,1938-01-19,,1981-01-05,1990-10-28,Republican,,rep,OR,5,S000527,01072,410010
Peter,P.,Smith,,,1945-10-31,M,1989-01-03,1990-10-28,Republican,,rep,VT,0,S000601,01081,410079
Virginia,Dodd,Smith,,,1911-06-30,,1975-01-14,1990-10-28,Republican,,rep,NE,3,S000622,01084,410097
Arlan,Ingehart,Stangeland,,,1930-02-08,,1977-01-04,1990-10-28,Republican,,rep,MN,7,S000795,01098,410261
Thomas,Joseph,Tauke,,,1950-10-11,M,1979-01-15,1990-10-28,Republican,,rep,IA,2,T000053,01139,410641
Douglas,,Walgren,,,1940-12-28,,1977-01-04,1990-10-28,Democrat,,rep,PA,18,W000044,01195,411224
Malcolm,,Wallop,,,1933-02-27,,1977-01-04,1994-12-01,Republican,1,sen,WY,,W000092,01451,411271
Robert,Russell,Whittaker,,,1939-09-18,M,1979-01-15,1990-10-28,Republican,,rep,KS,5,W000426,01224,411585
Pete,,Wilson,,,1933-08-23,,1983-01-03,1991-12-31,Republican,1,sen,CA,,W000607,01456,411762
William,Vollie,Alexander,Jr.,Bill,1934-01-16,M,1969-01-03,1992-10-09,Democrat,,rep,AR,1,A000103,00010,400761
Glenn,Malcolm,Anderson,,,1913-02-21,,1969-01-03,1992-10-09,Democrat,,rep,CA,32,A000189,00016,400844
Frank,,Annunzio,,,1915-01-12,M,1965-01-04,1992-10-09,Democrat,,rep,IL,11,A000212,00023,400895
Beryl,Franklin,Anthony,Jr.,,1938-02-21,,1979-01-15,1992-10-09,Democrat,,rep,AR,4,A000213,00024,400898
Chester,Greenough,Atkins,,,1948-04-14,M,1985-01-03,1992-10-09,Democrat,,rep,MA,5,A000226,00034,400975
Les,,AuCoin,,,1942-10-21,,1975-01-14,1992-10-09,Democrat,,rep,OR,1,A000337,00036,400987
Druie,Douglas,Barnard,Jr.,,1922-03-20,,1977-01-04,1992-10-09,Democrat,,rep,GA,10,B000153,00054,401155
Harry,Stephen,Bartlett,,Steve,1947-09-19,M,1983-01-03,1991-03-11,Republican,,rep,TX,3,B000204,00061,401203
Charles,Edward,Bennett,,,1910-12-02,M,1949-01-03,1992-10-09,Democrat,,rep,FL,3,B000371,00077,401363
Ben,Garrido,Blaz,,,1928-02-14,,1985-01-03,1992-10-09,Republican,,rep,GU,0,B000551,00096,401526
David,Lyle,Boren,,,1941-04-21,M,1979-01-15,1994-12-01,Democrat,2,sen,OK,,B000639,01287,401604
William,Warren,Bradley,,Bill,1943-07-28,M,1979-01-15,1996-10-04,Democrat,2,sen,NJ,,B001225,01289,401709
William,S.,Broomfield,,,1922-04-28,M,1957-01-03,1992-10-09,Republican,,rep,MI,18,B000890,00128,401847
George,Hanks,Brown,,Hank,1940-02-12,M,1981-01-05,1996-10-04,Republican,2,sen,CO,,B000919,00135,401874
Terry,Lee,Bruce,,,1944-03-25,,1985-01-03,1992-10-09,Democrat,,rep,IL,19,B000971,00140,401923
Albert,Garza,Bustamante,,,1935-04-08,M,1985-01-03,1992-10-09,Democrat,,rep,TX,23,B001172,00158,402114
Beverly,Barton Butcher,Byron,,,1932-07-27,,1979-01-15,1992-10-09,Democrat,,rep,MD,6,B001220,00162,402159
Rodney,Dennis,Chandler,,,1942-07-13,,1983-01-03,1992-10-09,Republican,,rep,WA,8,C000293,00189,402435
William,Sebastian,Cohen,,,1940-08-28,M,1973-01-03,1996-10-04,Republican,2,sen,ME,,C000598,00215,402727
Earl,Thomas,Coleman,,,1943-05-29,M,1975-01-14,1992-10-09,Republican,,rep,MO,6,C000618,00216,402747
Antonio,J.,Colorado,,,1939-09-08,,1991-01-03,1992-10-09,Democrat,,rep,PR,0,C000646,00223,402774
Silvio,Ottavio,Conte,,,1921-11-09,,1959-01-07,1991-02-08,Republican,,rep,MA,1,C000709,00228,402833
Robert,Lawrence,Coughlin,,,1929-04-11,M,1969-01-03,1992-10-09,Republican,,rep,PA,13,C000807,00240,402926
John,W.,Cox,Jr.,,1947-07-10,M,1991-01-03,1992-10-09,Democrat,,rep,IL,16,C000836,00243,402953
William,Edwin,Dannemeyer,,,1929-09-22,M,1979-01-15,1992-10-09,Republican,,rep,CA,39,D000044,00264,403184
Robert,William,Davis,,,1932-07-31,M,1979-01-15,1992-10-09,Republican,,rep,MI,11,D000131,00273,403266
William,Louis,Dickinson,,,1925-06-05,M,1965-01-04,1992-10-09,Republican,,rep,AL,2,D000326,00296,403446
Brian,Joseph,Donnelly,,,1946-03-02,,1979-01-15,1992-10-09,Democrat,,rep,MA,11,D000416,00304,403529
Thomas,Joseph,Downey,,,1949-01-28,M,1975-01-14,1992-10-09,Democrat,,rep,NY,2,D000471,00314,403581
Bernard,James,Dwyer,,,1921-01-24,,1981-01-05,1992-10-09,Democrat,,rep,NJ,6,D000586,00327,403689
Mervyn,Malcolm,Dymally,,,1926-05-12,,1981-01-05,1992-10-09,Democrat,,rep,CA,31,D000592,00328,403695
Joseph,Daniel,Early,,,1933-01-31,M,1975-01-14,1992-10-09,Democrat,,rep,MA,3,E000013,00330,403709
Dennis,Edward,Eckart,,,1950-04-06,,1981-01-05,1992-10-09,Democrat,,rep,OH,11,E000031,00331,403726
Marvin,Henry,Edwards,,Mickey,1937-07-12,,1977-01-04,1992-10-09,Republican,,rep,OK,5,E000077,00338,403769
Ben,,Erdreich,,,1938-12-09,,1983-01-03,1992-10-09,Democrat,,rep,AL,6,E000201,00350,403888
J.,James,Exon,,,1921-08-09,,1979-01-15,1996-10-04,Democrat,2,sen,NE,,E000284,01328,403962
Dante,Bruno,Fascell,,,1917-03-09,,1955-01-05,1992-10-09,Democrat,,rep,FL,19,F000041,00370,404002
Edward,Farrell,Feighan,,,1947-10-22,M,1983-01-03,1992-10-09,Democrat,,rep,OH,19,F000059,00375,404019
Jaime,B.,Fuster,,,1941-01-12,,1985-01-03,1992-10-09,Democrat,,rep,PR,0,F000435,00424,404376
Joseph,Matthew,Gaydos,,,1926-07-03,M,1967-01-10,1992-10-09,Democrat,,rep,PA,20,G000105,00430,404477
Albert,Arnold,Gore,Jr.,,1948-03-31,M,1977-01-04,1993-12-31,Democrat,2,sen,TN,,G000321,00449,404679
William,Herbert,Gray,III,,1941-08-20,M,1979-01-15,1991-09-11,Democrat,,rep,PA,2,G000402,00460,404752
Sedgwick,William,Green,,Bill,1929-10-16,,1977-01-04,1992-10-09,Republican,,rep,NY,15,G000417,00463,404765
Frank,Joseph,Guarini,Jr.,,1924-08-20,M,1979-01-15,1992-10-09,Democrat,,rep,NJ,14,G000511,00472,404856
John,Paul,Hammerschmidt,,,1922-05-04,M,1967-01-10,1992-10-09,Republican,,rep,AR,3,H000124,00490,405006
Claude,,Harris,Jr.,,1940-06-29,,1987-01-06,1992-10-09,Democrat,,rep,AL,7,H000236,00504,405114
Charles,Floyd,Hatcher,,,1939-07-01,M,1981-01-05,1992-10-09,Democrat,,rep,GA,2,H000340,00514,405209
Mark,Odom,Hatfield,,,1922-07-12,M,1967-01-10,1996-10-04,Republican,2,sen,OR,,H000343,01352,405212
Charles,Arthur,Hayes,,,1918-02-17,M,1983-01-03,1992-10-09,Democrat,,rep,IL,1,H000388,00516,405256
Howell,Thomas,Heflin,,,1921-06-19,,1979-01-15,1996-10-04,Democrat,2,sen,AL,,H000445,01358,405310
Dennis,Mark,Hertel,,,1948-12-07,,1981-01-05,1992-10-09,Democrat,,rep,MI,14,H000547,00534,405409
Clyde,Cecil,Holloway,,,1943-11-28,,1987-01-06,1992-10-09,Republican,,rep,LA,8,H000729,00554,405580
Larry,Jones,Hopkins,,,1933-10-25,,1979-01-15,1992-10-09,Republican,,rep,KY,6,H000776,00557,405626
Joan,Kelly,Horn,,,1936-10-18,,1991-01-03,1992-10-09,Democrat,,rep,MO,2,H000788,00558,405638
Frank,Jefferson,Horton,,,1919-12-12,M,1963-01-09,1992-10-09,Republican,,rep,NY,29,H000797,00560,405646
Carroll,,Hubbard,Jr.,,1937-07-07,,1975-01-14,1992-10-09,Democrat,,rep,KY,1,H000878,00567,405724
Thomas,Jerald,Huckaby,,,1941-07-19,M,1977-01-04,1992-10-09,Democrat,,rep,LA,5,H000901,00569,405747
Andrew,Poysell,Ireland,,Andy,1930-08-23,M,1977-01-04,1992-10-09,Republican,,rep,FL,10,I000029,00585,405887
Craig,T.,James,,,1941-05-05,,1989-01-03,1992-10-09,Republican,,rep,FL,4,J000047,00590,405952
Edgar,Lanier,Jenkins,,Ed,1933-01-04,M,1977-01-04,1992-10-09,Democrat,,rep,GA,9,J000083,00595,405985
John,Bennett,Johnston,Jr.,,1932-06-10,M,1972-01-01,1996-10-04,Democrat,2,sen,LA,,J000189,01373,406084
Ben,,Jones,,,1941-08-30,,1989-01-03,1992-10-09,Democrat,,rep,GA,4,J000211,00607,406106
Walter,Beaman,Jones,Sr.,,1913-08-19,M,1965-01-04,1992-09-15,Democrat,,rep,NC,1,J000256,00611,406148
James,Prather,Jontz,,,1951-12-18,M,1987-01-06,1992-10-09,Democrat,,rep,IN,5,J000265,00613,406157
Nancy,Landon,Kassebaum,,,1932-07-29,,1978-01-01,1996-10-04,Republican,2,sen,KS,,K000017,01375,406188
Joseph,Paul,Kolter,,,1926-09-03,M,1983-01-03,1992-10-09,Democrat,,rep,PA,4,K000307,00646,406461
Peter,Houston,Kostmayer,,,1946-09-27,M,1977-01-04,1992-10-09,Democrat,,rep,PA,8,K000319,00649,406473
Robert,John,Lagomarsino,,,1926-09-04,M,1973-01-03,1992-10-09,Republican,,rep,CA,19,L000020,00658,406530
William,,Lehman,,,1913-10-05,M,1973-01-03,1992-10-09,Democrat,,rep,FL,17,L000226,00680,406730
Norman,Frederick,Lent,,,1931-03-23,,1971-01-21,1992-10-09,Republican-Conservative,,rep,NY,4,L000243,00682,406746
Meldon,Edises,Levine,,,1943-06-07,,1983-01-03,1992-10-09,Democrat,,rep,CA,27,L000264,00684,406765
William,David,Lowery,,,1947-05-02,M,1981-01-05,1992-10-09,Republican,,rep,CA,41,L000479,00708,406968
Charles,J.,Luken,,,1951-07-18,M,1991-01-03,1992-10-09,Democrat,,rep,OH,1,L000507,00714,406993
Edward,Rell,Madigan,,,1936-01-13,M,1973-01-03,1991-03-08,Republican,,rep,IL,15,M000041,00724,407069
Ronald,Charles,Marlenee,,,1935-08-08,,1977-01-04,1992-10-09,Republican,,rep,MT,2,M000139,00737,407162
David,O'Brien,Martin,,,1944-04-26,M,1981-01-05,1992-10-09,Republican,,rep,NY,26,M000174,00739,407196
Nicholas,James,Mavroules,,,1929-11-01,M,1979-01-15,1992-10-09,Democrat,,rep,MA,6,M000264,00751,407282
Bob,,McEwen,,,1950-01-12,,1981-01-05,1992-10-09,Republican,,rep,OH,6,M000432,00768,407432
Raymond,Joseph,McGrath,,,1942-03-27,M,1981-01-05,1992-10-09,Republican,,rep,NY,5,M000458,00771,407457
Matthew,Francis,McHugh,,,1938-12-06,M,1975-01-14,1992-10-09,Democrat,,rep,NY,28,M000473,00774,407471
Charles,Thomas,McMillen,,,1952-05-26,M,1987-01-06,1992-10-09,Democrat,,rep,MD,4,M000573,00783,407564
Clarence,E.,Miller,,,1917-11-01,,1967-01-10,1992-10-09,Republican,,rep,OH,10,M000718,00806,407700
John,Ripin,Miller,,,1938-05-23,M,1985-01-03,1992-10-09,Republican,,rep,WA,1,M000736,00809,407721
Jim,,Moody,,,1935-09-02,,1983-01-03,1992-10-09,Democrat,,rep,WI,5,M000881,00828,407853
Sidney,Wallace,Morrison,,,1933-05-13,,1981-01-05,1992-10-09,Republican,,rep,WA,4,M000999,00836,407967
Robert,Jan,Mrazek,,,1945-11-06,M,1983-01-03,1992-10-09,Democrat,,rep,NY,3,M001057,00840,408023
David,Ray,Nagle,,,1943-04-15,M,1987-01-06,1992-10-09,Democrat,,rep,IA,3,N000003,00851,408097
Richard,,Nichols,,,1926-04-29,M,1991-01-03,1992-10-09,Republican,,rep,KS,5,N000094,00864,408179
Henry,James,Nowak,,,1935-02-21,M,1975-01-14,1992-10-09,Democrat,,rep,NY,33,N000163,00870,408244
Samuel,Augustus,Nunn,,,1938-09-08,M,1972-01-01,1996-10-04,Democrat,2,sen,GA,,N000171,01413,408252
Mary,Rose,Oakar,,,1940-03-05,,1977-01-04,1992-10-09,Democrat,,rep,OH,20,O000001,00875,408313
James,R.,Olin,,,1920-02-28,M,1983-01-03,1992-10-09,Democrat,,rep,VA,6,O000069,00878,408342
Douglas,Wayne,Owens,,,1937-05-02,,1973-01-03,1992-10-09,Democrat,,rep,UT,2,O000156,00884,408407
Elizabeth,J.,Patterson,,,1939-11-18,,1987-01-06,1992-10-09,Democrat,,rep,SC,4,P000112,00897,408520
Donald,James,Pease,,,1931-09-26,M,1977-01-04,1992-10-09,Democrat,,rep,OH,13,P000170,00904,408575
Claiborne,de Borda,Pell,,,1918-11-22,,1961-01-03,1996-10-04,Democrat,2,sen,RI,,P000193,01417,408597
Carl,Christopher,Perkins,,,1954-08-06,M,1983-01-03,1992-10-09,Democrat,,rep,KY,7,P000229,00909,408632
Larry,Lee,Pressler,,,1942-03-29,,1975-01-14,1996-10-04,Republican,2,sen,SD,,P000513,00927,408898
David,Hampton,Pryor,,,1934-08-29,M,1965-01-04,1996-10-04,Democrat,2,sen,AR,,P000556,01420,408939
Carl,Duane,Pursell,,,1932-12-19,M,1977-01-04,1992-10-09,Republican,,rep,MI,2,P000574,00934,408957
Richard,Belmont,Ray,,,1927-02-02,M,1983-01-03,1992-10-09,Democrat,,rep,GA,3,R000080,00948,409060
John,Jacob,Rhodes,III,,1943-09-08,M,1987-01-06,1992-10-09,Republican,,rep,AZ,1,R000189,00956,409165
Matthew,John,Rinaldo,,,1931-09-01,M,1973-01-03,1992-10-09,Republican,,rep,NJ,7,R000262,00963,409237
Donald,Lawrence,Ritter,,,1940-10-21,M,1979-01-15,1992-10-09,Republican,,rep,PA,15,R000277,00965,409251
Robert,A.,Roe,,,1924-02-28,M,1969-01-03,1992-10-09,Democrat,,rep,NJ,8,R000383,00974,409353
Edward,Ross,Roybal,,,1916-02-10,M,1963-01-09,1992-10-09,Democrat,,rep,CA,25,R000485,00996,409446
Martin,Anthony,Russo,,,1944-01-23,M,1975-01-14,1992-10-09,Democrat,,rep,IL,3,R000543,01004,409500
Gus,,Savage,,,1925-10-30,,1981-01-05,1992-10-09,Democrat,,rep,IL,2,S000081,01020,409593
James,Haas,Scheuer,,,1920-02-06,M,1965-01-04,1992-10-09,Democrat-Liberal,,rep,NY,8,S000124,01029,409632
Richard,Taylor,Schulze,,,1929-08-07,M,1975-01-14,1992-10-09,Republican,,rep,PA,5,S000146,01035,409654
John,,Seymour,,,1937-12-03,M,1991-01-03,1992-10-09,Republican,1,sen,CA,,S000269,01434,409770
Gerald,Edward,Sikorski,,,1948-04-26,,1983-01-03,1992-10-09,Democrat,,rep,MN,6,S000407,01057,409901
Paul,Martin,Simon,,,1928-11-29,M,1975-01-14,1996-10-04,Democrat,2,sen,IL,,S000423,01059,409917
Alan,Kooi,Simpson,,,1931-09-02,,1979-01-15,1996-10-04,Republican,2,sen,WY,,S000429,01435,409923
Daniel,French,Slaughter,Jr.,,1925-05-20,M,1985-01-03,1991-11-04,Republican,,rep,VA,7,S000479,01068,409968
Lawrence,Jack,Smith,,,1941-04-25,M,1983-01-03,1992-10-09,Democrat,,rep,FL,16,S000586,01077,410066
Stephen,Joshua,Solarz,,,1940-09-12,M,1975-01-14,1992-10-09,Democrat,,rep,NY,13,S000673,01087,410145
Harley,Orrin,Staggers,Jr.,,1951-02-22,,1983-01-03,1992-10-09,Democrat,,rep,WV,2,S000779,01095,410245
Richard,Howard,Stallings,,,1940-10-07,M,1985-01-03,1992-10-09,Democrat,,rep,ID,2,S000785,01097,410251
Robert,Mooneyhan,Tallon,Jr.,Robin,1946-08-08,M,1983-01-03,1992-10-09,Democrat,,rep,SC,6,T000034,01136,410623
Robert,Lindsay,Thomas,,,1943-11-20,M,1983-01-03,1992-10-09,Democrat,,rep,GA,1,T000184,01150,410765
Jerome,Bob,Traxler,,,1931-07-21,,1973-01-03,1992-10-09,Democrat,,rep,MI,8,T000356,01167,410926
Morris,King,Udall,,,1922-06-15,,1961-01-03,1991-05-04,Democrat,,rep,AZ,2,U000001,01173,411025
Guy,Adrian,Vander Jagt,,,1931-08-26,M,1965-01-04,1992-10-09,Republican,,rep,MI,9,V000027,01180,411119
John,Vincent,Weber,,,1952-07-24,M,1981-01-05,1992-10-09,Republican,,rep,MN,2,W000237,01212,411405
Theodore,S.,Weiss,,,1927-09-17,M,1977-01-04,1992-09-14,Democrat,,rep,NY,17,W000258,01213,411426
Harris,,Wofford,,,1926-04-09,,1991-01-03,1994-12-01,Democrat,1,sen,PA,,W000665,01457,411818
Howard,Eliot,Wolpe,III,,1939-11-03,M,1979-01-15,1992-10-09,Democrat,,rep,MI,3,W000682,01240,411834
Chalmers,Pangburn,Wylie,,,1920-11-23,,1967-01-10,1992-10-09,Republican,,rep,OH,15,W000781,01249,411929
Gus,,Yatron,,,1927-10-16,,1969-01-03,1992-10-09,Democrat,,rep,PA,6,Y000014,01253,411948
Jocelyn,Birch,Burdick,,,1922-02-06,,1992-01-01,1992-10-09,Democrat,1,sen,ND,,B001076,01296,402022
Michael,Allen,Andrews,,,1944-02-07,M,1983-01-03,1994-12-01,Democrat,,rep,TX,25,A000209,00020,400882
Thomas,Hiram,Andrews,,,1953-03-22,M,1991-01-03,1994-12-01,Democrat,,rep,ME,1,A000211,00022,400885
Douglas,Earl,Applegate,,,1928-03-27,,1977-01-04,1994-12-01,Democrat,,rep,OH,18,A000214,00025,400906
Leslie,,Aspin,,,1938-07-21,,1971-01-21,1993-01-20,Democrat,,rep,WI,1,A000224,00033,400967
James,,Bacchus,,,1949-06-21,M,1991-01-03,1994-12-01,Democrat,,rep,FL,15,B000008,00037,401014
Peter,William,Barca,,,1955-08-07,M,1993-01-05,1994-12-01,Democrat,,rep,WI,1,B001226,00051,401134
Thomas,J.,Barlow,III,,1940-08-07,M,1993-01-05,1994-12-01,Democrat,,rep,KY,1,B000151,00053,401153
Helen,Delich,Bentley,,,1923-11-28,,1985-01-03,1994-12-01,Republican,,rep,MD,2,B000392,00078,401383
James,Hubert,Bilbray,,,1938-05-19,M,1987-01-06,1994-12-01,Democrat,,rep,NV,1,B000462,00088,401446
Lucien,Edward,Blackwell,,,1931-08-01,,1991-01-03,1994-12-01,Democrat,,rep,PA,2,B000517,00093,401494
Jack,Bascom,Brooks,,,1922-12-18,,1953-01-03,1994-12-01,Democrat,,rep,TX,9,B000880,00127,401837
Dale,,Bumpers,,,1925-08-12,,1975-01-14,1998-12-19,Democrat,3,sen,AR,,B001057,01295,402004
Leslie,Larkin,Byrne,,,1946-10-27,,1993-01-05,1994-12-01,Democrat,,rep,VA,11,B001213,00161,402152
Milton,Robert,Carr,,Bob,1943-03-27,M,1975-01-14,1994-12-01,Democrat,,rep,MI,8,C000178,00180,402325
Samuel,G.,Coppersmith,,,1955-05-22,M,1993-01-05,1994-12-01,Democrat,,rep,AZ,1,C000767,00232,402890
Alfonse,Marcello,D'Amato,,,1937-08-01,,1981-01-05,1998-12-19,Republican,3,sen,NY,,D000018,01313,403142
George,,Darden,,Buddy,1943-11-22,M,1983-01-03,1994-12-01,Democrat,,rep,GA,7,D000051,00266,403190
Butler,Carson,Derrick,Jr.,,1936-09-30,,1975-01-14,1994-12-01,Democrat,,rep,SC,3,D000267,00289,403403
Robert,Joseph,Dole,,,1923-07-22,M,1961-01-03,1996-10-04,Republican,3,sen,KS,,D000401,01318,403515
William,Donlon,Edwards,,Don,1915-01-06,M,1963-01-09,1994-12-01,Democrat,,rep,CA,16,E000064,00336,403776
Glenn,Lee,English,Jr.,,1940-11-30,,1975-01-14,1994-01-07,Democrat,,rep,OK,6,E000184,00345,403873
Karan,,English,,,1949-03-23,,1993-01-05,1994-12-01,Democrat,,rep,AZ,6,E000186,00346,403875
Albert,Michael,Espy,,,1953-11-30,M,1987-01-06,1993-01-22,Democrat,,rep,MS,2,E000218,00356,403904
Duncan,McLauchlin,Faircloth,,Lauch,1928-01-14,,1993-01-05,1998-12-19,Republican,3,sen,NC,,F000437,01329,403968
Eric,D.,Fingerhut,,,1959-05-06,,1993-01-05,1994-12-01,Democrat,,rep,OH,19,F000128,00383,404083
Hamilton,,Fish,Jr.,,1926-06-03,,1969-01-03,1994-12-01,Republican,,rep,NY,19,F000141,00384,404097
Thomas,Stephen,Foley,,,1929-03-06,M,1965-01-04,1994-12-01,Democrat,,rep,WA,5,F000239,00397,404193
Wendell,Hampton,Ford,,,1924-09-08,,1974-01-01,1998-12-19,Democrat,3,sen,KY,,F000268,01334,404219
William,David,Ford,,,1927-08-06,M,1965-01-04,1994-12-01,Democrat,,rep,MI,13,F000270,00401,404220
Dean,Anderson,Gallo,,,1935-11-23,,1985-01-03,1994-12-01,Republican,,rep,NJ,11,G000025,00426,404401
John,Herschel,Glenn,Jr.,,1921-07-18,M,1974-01-01,1998-12-19,Democrat,3,sen,OH,,G000236,01339,404598
Daniel,Robert,Glickman,,,1944-11-24,M,1977-01-04,1994-12-01,Democrat,,rep,KS,4,G000240,00443,404602
Willis,David,Gradison,Jr.,,1928-12-28,,1975-01-14,1993-01-31,Republican,,rep,OH,2,G000349,00451,404705
Frederick,Lawrence,Grandy,,,1948-06-29,M,1987-01-06,1994-12-01,Republican,,rep,IA,5,G000371,00455,404723
Daniel,,Hamburg,,,1948-10-06,M,1993-01-05,1994-12-01,Democrat,,rep,CA,1,H000096,00488,404978
Paul,B.,Henry,,,1942-07-09,M,1985-01-03,1993-07-31,Republican,,rep,MI,3,H000514,00532,405377
Peter,D.,Hoagland,,,1941-11-17,M,1989-01-03,1994-12-01,Democrat,,rep,NE,2,H000652,00544,405507
George,Joseph,Hochbrueckner,,,1938-09-20,M,1987-01-06,1994-12-01,Democrat,,rep,NY,1,H000670,00546,405524
Michael,,Huffington,,,1947-09-03,M,1993-01-05,1994-12-01,Republican,,rep,CA,22,H000912,00571,405758
William,John,Hughes,,,1932-10-17,M,1975-01-14,1994-12-01,Democrat,,rep,NJ,2,H000930,00572,405775
Earl,Dewitt,Hutto,,,1926-05-12,M,1979-01-15,1994-12-01,Democrat,,rep,FL,1,H001018,00579,405855
Clete,Donald,Johnson,Jr.,Don,1948-01-30,,1993-01-05,1994-12-01,Democrat,,rep,GA,10,J000120,00598,406024
Dirk,,Kempthorne,,,1951-10-29,,1993-01-05,1998-12-19,Republican,3,sen,ID,,K000088,01376,406256
Herbert,C.,Klein,,,1930-06-24,M,1993-01-05,1994-12-01,Democrat,,rep,NJ,8,K000262,00638,406420
Michael,J.,Kopetski,,,1949-10-27,M,1991-01-03,1994-12-01,Democrat,,rep,OR,5,K000312,00648,406466
Myron,Bradford,Kreidler,,Mike,1943-09-28,,1993-01-05,1994-12-01,Democrat,,rep,WA,9,K000328,00652,406482
Robert,Charles,Krueger,,,1935-09-19,M,1975-01-14,1993-12-31,Democrat,1,sen,TX,,K000333,00653,406487
Larry,,LaRocco,,,1946-08-25,,1991-01-03,1994-12-01,Democrat,,rep,ID,1,L000098,00665,406605
H.,Martin,Lancaster,,,1943-03-24,,1987-01-06,1994-12-01,Democrat,,rep,NC,3,L000045,00660,406554
Richard,Henry,Lehman,,,1948-07-20,M,1983-01-03,1994-12-01,Democrat,,rep,CA,19,L000225,00679,406729
David,A.,Levy,,,1953-12-18,M,1993-01-05,1994-12-01,Republican,,rep,NY,4,L000267,00686,406768
Thomas,F.,Lewis,,,1924-10-26,M,1983-01-03,1994-12-01,Republican,,rep,FL,16,L000295,00690,406790
Marilyn,Laird,Lloyd,,,1929-01-03,F,1975-01-14,1994-12-01,Democrat,,rep,TN,3,L000381,00698,406873
Jill,Lynette,Long Thompson,,,1952-07-15,,1989-01-03,1994-12-01,Democrat,,rep,IN,4,L000420,00705,406920
Ronald,K.,Machtley,,,1948-07-13,,1989-01-03,1994-12-01,Republican,,rep,RI,1,M000015,00720,407044
David,Scott,Mann,,,1939-09-25,M,1993-01-05,1994-12-01,Democrat,,rep,OH,1,M000100,00730,407124
Marjorie,,Margolies-Mezvinsky,,,1942-06-21,,1993-01-05,1994-12-01,Democrat,,rep,PA,13,M000129,00797,407153
Harlan,,Mathews,,,1927-01-17,,1993-01-05,1994-12-01,Democrat,2,sen,TN,,M000236,01390,407254
Romano,Louis,Mazzoli,,,1932-11-02,,1971-01-21,1994-12-01,Democrat,,rep,KY,3,M000291,00753,407306
Alfred,A.,McCandless,,,1927-07-23,M,1983-01-03,1994-12-01,Republican,,rep,CA,44,M000306,00755,407320
Francis,Xavier,McCloskey,,,1939-06-12,,1983-01-03,1994-12-01,Democrat,,rep,IN,8,M000342,00758,407351
David,Keith,McCurdy,,,1950-03-30,M,1981-01-05,1994-12-01,Democrat,,rep,OK,4,M000398,00764,407399
John,"Alexander, III",McMillan,,Alex,1932-05-09,M,1985-01-03,1994-12-01,Republican,,rep,NC,9,M000566,00782,407558
Robert,Henry,Michel,,,1923-03-02,M,1957-01-03,1994-12-01,Republican,,rep,IL,18,M000692,00801,407676
Carol,,Moseley Braun,,,1947-08-16,,1993-01-05,1998-12-19,Democrat,3,sen,IL,,M001025,01405,407992
Austin,John,Murphy,,,1927-06-17,,1977-01-04,1994-12-01,Democrat,,rep,PA,20,M001088,00841,408052
William,Huston,Natcher,,,1909-09-11,M,1953-01-03,1994-03-29,Democrat,,rep,KY,2,N000009,00853,408103
Stephen,Lybrook,Neal,,,1934-11-07,M,1975-01-14,1994-12-01,Democrat,,rep,NC,5,N000016,00855,408109
Robert,William,Packwood,,,1932-09-11,M,1969-01-03,1995-12-31,Republican,3,sen,OR,,P000009,01414,408420
Leon,Edward,Panetta,,,1938-06-28,,1977-01-04,1993-01-21,Democrat,,rep,CA,17,P000047,00888,408457
Timothy,Joseph,Penny,,,1951-11-19,M,1983-01-03,1994-12-01,Democrat,,rep,MN,1,P000215,00906,408618
James,Jarrell,Pickle,,Jake,1913-10-11,M,1963-01-09,1994-12-01,Democrat,,rep,TX,10,P000328,00917,408725
Arthur,,Ravenel,Jr.,,1927-03-29,M,1987-01-06,1994-12-01,Republican,,rep,SC,1,R000072,00947,409052
Thomas,Joseph,Ridge,,,1945-08-26,M,1983-01-03,1994-12-01,Republican,,rep,PA,21,R000243,00960,409219
Daniel,David,Rostenkowski,,,1928-01-02,M,1959-01-07,1994-12-01,Democrat,,rep,IL,5,R000458,00988,409422
James,Roy,Rowland,Jr.,,1926-02-03,M,1983-01-03,1994-12-01,Democrat,,rep,GA,8,R000481,00993,409442
George,Edward,Sangmeister,,,1931-02-16,M,1989-01-03,1994-12-01,Democrat,,rep,IL,11,S000056,01013,409570
William,,Sarpalius,,,1948-01-10,M,1989-01-03,1994-12-01,Democrat,,rep,TX,13,S000066,01018,409578
Lynn,,Schenk,,,1945-01-05,,1993-01-05,1994-12-01,Democrat,,rep,CA,49,S000119,01027,409627
Philip,Riley,Sharp,,,1942-07-15,M,1975-01-14,1994-12-01,Democrat,,rep,IN,2,S000294,01046,409793
Karen,,Shepherd,,,1940-07-05,,1993-01-05,1994-12-01,Democrat,,rep,UT,2,S000332,01050,409829
James,Charles,Slattery,,,1948-08-04,M,1983-01-03,1994-12-01,Democrat,,rep,KS,2,S000477,01067,409966
Neal,Edward,Smith,,,1920-03-23,,1959-01-07,1994-12-01,Democrat,,rep,IA,4,S000596,01079,410076
Donald,Kenneth,Sundquist,,,1936-03-15,M,1983-01-03,1994-12-01,Republican,,rep,TN,7,S001075,01125,410529
Richard,,Swett,,,1957-05-01,M,1991-01-03,1994-12-01,Democrat,,rep,NH,2,S001113,01128,410565
Allan,Byron,Swift,,,1935-09-12,,1979-01-15,1994-12-01,Democrat,,rep,WA,2,S001115,01129,410567
Michael,Lynn,Synar,,,1950-10-17,M,1979-01-15,1994-12-01,Democrat,,rep,OK,2,S001139,01133,410589
Jolene,,Unsoeld,,,1931-12-03,,1989-01-03,1994-12-01,Democrat,,rep,WA,3,U000017,01176,411040
Itimous,"Thaddeus, Jr.,",Valentine,,Tim,1926-03-15,,1983-01-03,1994-12-01,Democrat,,rep,NC,2,V000006,01178,411065
Craig,Anthony,Washington,,,1941-10-12,,1989-01-03,1994-12-01,Democrat,,rep,TX,18,W000177,01203,411350
Alan,Dupree,Wheat,,,1951-10-16,,1983-01-03,1994-12-01,Democrat,,rep,MO,5,W000326,01218,411488
Jamie,Lloyd,Whitten,,,1910-04-18,,1941-01-03,1994-12-01,Democrat,,rep,MS,1,W000428,01225,411587
Ron,,de Lugo,,,1930-08-02,,1973-01-03,1994-12-01,Democrat,,rep,VI,0,D000209,00275,403314
Spencer,,Abraham,,,1952-06-12,,1995-01-04,2000-12-15,Republican,1,sen,MI,,A000355,01269,400555
John,,Ashcroft,,,1942-05-09,M,1995-01-04,2000-12-15,Republican,1,sen,MO,,A000356,01274,400556
William,P.,Baker,,,1940-06-14,M,1993-01-05,1996-10-04,Republican,,rep,CA,10,B000078,00045,401081
Anthony,Charles,Beilenson,,,1932-10-26,M,1977-01-04,1996-10-04,Democrat,,rep,CA,24,B000318,00072,401310
Tom,,Bevill,,,1921-03-27,,1967-01-10,1996-10-04,Democrat,,rep,AL,4,B000431,00084,401417
Peter,I.,Blute,,,1956-01-28,M,1993-01-05,1996-10-04,Republican,,rep,MA,3,B000576,00100,401547
William,K.,Brewster,,,1941-11-08,M,1991-01-03,1996-10-04,Democrat,,rep,OK,3,B000817,00123,401774
John,Glen,Browder,,,1943-01-15,M,1989-01-03,1996-10-04,Democrat,,rep,AL,3,B000897,00130,401854
Richard,H.,Bryan,,,1937-07-16,M,1989-01-03,2000-12-15,Democrat,1,sen,NV,,B000993,01293,400557
John,Wiley,Bryant,,,1947-02-22,M,1983-01-03,1996-10-04,Democrat,,rep,TX,5,B000997,00142,401947
Jim,,Bunn,,,1956-12-12,,1995-01-04,1996-10-04,Republican,,rep,OR,5,B001063,00145,402010
John,Hubbard,Chafee,,,1922-10-22,M,1976-01-01,1999-12-31,Republican,1,sen,RI,,C000269,01303,402412
Jim,,Chapman,,,1945-03-08,,1985-01-03,1996-10-04,Democrat,,rep,TX,1,C000312,00190,402454
Dick,,Chrysler,,,1942-04-29,,1995-01-04,1996-10-04,Republican,,rep,MI,8,C000385,00197,402524
William,Floyd,Clinger,Jr.,,1929-04-04,M,1979-01-15,1996-10-04,Republican,,rep,PA,5,C000523,00207,402657
Ronald,D'Emory,Coleman,,,1941-11-29,,1983-01-03,1996-10-04,Democrat,,rep,TX,16,C000621,00217,402750
Barbara-Rose,,Collins,,,1939-04-13,,1991-01-03,1996-10-04,Democrat,,rep,MI,15,C000633,00219,402762
Cardiss,,Collins,,,1931-09-24,,1973-01-03,1996-10-04,Democrat,,rep,IL,7,C000634,00220,402763
Wes,,Cooley,,,1932-03-28,,1995-01-04,1996-10-04,Republican,,rep,OR,2,C000737,00230,402858
Frank,,Cremeans,,,1943-04-05,M,1995-01-04,1996-10-04,Republican,,rep,OH,6,C000903,00251,403015
Robert,Kenneth,Dornan,,,1933-04-03,M,1977-01-04,1996-10-04,Republican,,rep,CA,46,D000435,00310,403545
Norvell,William,Emerson,,Bill,1938-01-01,,1981-01-05,1996-06-22,Republican,,rep,MO,8,E000174,00342,403864
Cleo,,Fields,,,1962-11-22,,1993-01-05,1996-10-04,Democrat,,rep,LA,4,F000110,00379,404067
Jack,Milton,Fields,Jr.,,1952-02-03,,1981-01-05,1996-10-04,Republican,,rep,TX,8,F000111,00380,404068
Michael,P.,Flanagan,,,1962-11-09,M,1995-01-04,1996-10-04,Republican,,rep,IL,5,F000187,00389,404142
Harold,Eugene,Ford,,,1945-05-20,M,1975-01-14,1996-10-04,Democrat,,rep,TN,9,F000261,00400,404213
Gary,A.,Franks,,,1953-02-09,,1991-01-03,1996-10-04,Republican,,rep,CT,5,F000348,00410,404296
Victor,O.,Frazer,,,1943-05-24,M,1995-01-04,1996-10-04,Independent,,rep,VI,0,F000351,00412,404298
Dan,,Frisa,,,1955-04-27,,1995-01-04,1996-10-04,Republican,,rep,NY,4,F000387,00417,404332
David,,Funderburk,,,1944-04-28,M,1995-01-04,1996-10-04,Republican,,rep,NC,2,F000426,00421,404367
Preston,M.,Geren,,Pete,1952-01-29,,1989-01-03,1996-10-04,Democrat,,rep,TX,12,G000134,00434,404503
Sam,Melville,Gibbons,,,1920-01-20,,1963-01-09,1996-10-04,Democrat,,rep,FL,11,G000153,00437,404520
T.,Slade,Gorton,,,1928-01-08,,1981-01-05,2000-12-15,Republican,1,sen,WA,,G000333,01341,400559
Rod,,Grams,,,1948-02-04,M,1993-01-05,2000-12-15,Republican,1,sen,MN,,G000367,00454,400560
Steven,Craig,Gunderson,,,1951-05-10,,1981-01-05,1996-10-04,Republican,,rep,WI,3,G000524,00476,404869
Melton,D.,Hancock,,Mel,1929-09-14,,1989-01-03,1996-10-04,Republican,,rep,MO,7,H000151,00492,405033
James,Allison,Hayes,,,1946-12-21,M,1987-01-06,1996-10-04,Democrat,,rep,LA,7,H000390,00517,405258
Fred,,Heineman,,,1929-12-28,M,1995-01-04,1996-10-04,Republican,,rep,NC,4,H000452,00527,405317
Martin,R.,Hoke,,,1952-05-18,M,1993-01-05,1996-10-04,Republican,,rep,OH,10,H000707,00549,405560
Andrew,,Jacobs,Jr.,,1932-02-24,M,1965-01-04,1996-10-04,Democrat,,rep,IN,10,J000033,00589,405939
Harry,A.,Johnston,II,,1931-12-02,M,1989-01-03,1996-10-04,Democrat,,rep,FL,19,J000187,00606,406082
J.,Robert,Kerrey,,,1943-08-27,,1989-01-03,2000-12-15,Democrat,1,sen,NE,,K000146,01378,400561
Gregory,H.,Laughlin,,,1942-01-21,,1989-01-03,1996-10-04,Democrat,,rep,TX,14,L000119,00669,406625
James,Ross,Lightfoot,,,1938-09-27,M,1985-01-03,1996-10-04,Republican,,rep,IA,3,L000305,00691,406799
James,,Longley,,,1951-07-07,M,1995-01-04,1996-10-04,Republican,,rep,ME,1,L000431,00706,406922
Connie,,Mack,III,,1940-10-29,M,1983-01-03,2000-12-15,Republican,1,sen,FL,,M000019,00721,400562
William,J.,Martini,,,1947-02-10,M,1995-01-04,1996-10-04,Republican,,rep,NJ,8,M000207,00744,407226
Jan,,Meyers,,,1928-07-20,,1985-01-03,1996-10-04,Republican,,rep,KS,3,M000684,00794,407669
Kweisi,,Mfume,,,1948-10-24,,1987-01-06,1996-02-18,Democrat,,rep,MD,7,M000687,00798,407672
Norman,Yoshio,Mineta,,,1931-11-12,,1975-01-14,1995-10-10,Democrat,,rep,CA,15,M000794,00812,407772
Gillespie,V.,Montgomery,,Sonny,1920-08-05,,1967-01-10,1996-10-04,Democrat,,rep,MS,3,M000865,00827,407838
Carlos,John,Moorhead,,,1922-05-06,,1973-01-03,1996-10-04,Republican,,rep,CA,27,M000926,00830,407899
Daniel,Patrick,Moynihan,,,1927-03-16,M,1977-01-04,2000-12-15,Democrat,1,sen,NY,,M001054,01407,400563
John,Thomas,Myers,,,1927-02-08,M,1967-01-10,1996-10-04,Republican,,rep,IN,7,M001130,00847,408092
William,,Orton,,,1948-09-22,M,1991-01-03,1996-10-04,Democrat,,rep,UT,3,O000108,00881,408364
Lewis,Franklin,Payne,Jr.,,1945-07-09,M,1987-01-06,1996-10-04,Democrat,,rep,VA,5,P000152,00903,408556
Douglas,Brian,Peterson,,Pete,1935-06-26,,1991-01-03,1996-10-04,Democrat,,rep,FL,2,P000259,00911,408661
James,Henry,Quillen,,,1916-01-11,M,1963-01-09,1996-10-04,Republican,,rep,TN,1,Q000013,00937,408976
Mel,,Reynolds,,,1952-01-08,,1993-01-05,1995-10-01,Democrat,,rep,IL,2,R000178,00955,409154
Charles,S.,Robb,,,1939-06-26,M,1989-01-03,2000-12-15,Democrat,1,sen,VA,,R000295,01423,400564
Charles,Grandison,Rose,III,,1939-08-10,M,1973-01-03,1996-10-04,Democrat,,rep,NC,7,R000436,00986,409400
Toby,A.,Roth,,,1938-10-10,,1979-01-15,1996-10-04,Republican,,rep,WI,8,R000459,00989,409423
William,V.,Roth,Jr.,,1921-07-22,M,1967-01-10,2000-12-15,Republican,1,sen,DE,,R000460,01425,400565
Patricia,Scott,Schroeder,,,1940-07-30,,1973-01-03,1996-10-04,Democrat,,rep,CO,1,S000142,01033,409650
Andrea,,Seastrand,,,1941-08-05,,1995-01-04,1996-10-04,Republican,,rep,CA,22,S000213,01038,409718
Gerry,Eastman,Studds,,,1937-05-12,,1973-01-03,1996-10-04,Democrat,,rep,MA,10,S001040,01121,410496
Randy,J.,Tate,,,1965-11-23,,1995-01-04,1996-10-04,Republican,,rep,WA,9,T000048,01138,410636
Raymond,Hoyt,Thornton,Jr.,Ray,1928-07-16,M,1973-01-03,1996-10-04,Democrat,,rep,AR,2,T000243,01156,410821
Peter,Gerard,Torkildsen,,,1958-01-28,M,1993-01-05,1996-10-04,Republican,,rep,MA,6,T000314,01161,410887
Walter,R.,Tucker,III,,1957-05-28,M,1993-01-05,1995-12-15,Democrat,,rep,CA,37,T000405,01172,410974
Harold,Lee,Volkmer,,,1931-04-04,M,1977-01-04,1996-10-04,Democrat,,rep,MO,9,V000112,01189,411166
Barbara,Farrell,Vucanovich,,,1921-06-22,,1983-01-03,1996-10-04,Republican,,rep,NV,2,V000124,01190,411178
Enid,,Greene Waldholtz,,,1958-06-05,F,1995-01-04,1996-10-04,Republican,,rep,UT,2,G000408,01192,411214
Robert,Smith,Walker,,,1942-12-23,M,1977-01-04,1996-10-04,Republican,,rep,PA,16,W000068,01196,411247
Michael,Delavan,Ward,,,1951-01-07,M,1995-01-04,1996-10-04,Democrat,,rep,KY,3,W000139,01201,411314
John,Patrick,Williams,,,1937-10-30,M,1979-01-15,1996-10-04,Democrat,,rep,MT,1,W000520,01231,411677
Charles,,Wilson,,,1933-06-01,M,1973-01-03,1996-10-04,Democrat,,rep,TX,2,W000570,01232,411725
William,H.,Zeliff,Jr.,,1936-06-12,M,1991-01-03,1996-10-04,Republican,,rep,NH,1,Z000004,01263,411997
Richard,,Zimmer,,,1944-08-16,M,1991-01-03,1996-10-04,Republican,,rep,NJ,12,Z000008,01264,412001
Eligio,II,de la Garza,,Kika,1927-09-22,,1965-01-04,1996-10-04,Democrat,,rep,TX,15,D000203,00276,403308
Sheila,,Frahm,,,1945-03-22,,1996-01-01,1996-10-04,Republican,3,sen,KS,,F000438,01335,404281
Henry,Scott,Baesler,,Scotty,1941-07-09,M,1993-01-05,1998-12-19,Democrat,,rep,KY,6,B000028,00041,401033
Sonny,,Bono,,,1935-02-16,,1995-01-04,1998-01-05,Republican,,rep,CA,44,B000622,00110,401587
Walter,Holden,Capps,,,1934-05-05,M,1997-01-07,1997-10-28,Democrat,,rep,CA,22,C000134,01472,402284
Jon,Lynn,Christensen,,,1963-02-20,,1995-01-04,1998-12-19,Republican,,rep,NE,2,C000377,00196,402516
J.,Maxwell,Cleland,,,1942-08-24,,1997-01-07,2002-11-22,Democrat,2,sen,GA,,C001034,01540,300152
Ronald,Vernie,Dellums,,,1935-11-24,,1971-01-21,1998-02-07,Democrat,,rep,CA,9,D000222,00284,403364
Harris,W.,Fawell,,,1929-03-25,,1985-01-03,1998-12-19,Republican,,rep,IL,13,F000049,00373,404009
Victor,Herbert,Fazio,Jr.,,1942-10-11,M,1979-01-15,1998-12-19,Democrat,,rep,CA,3,F000053,00374,404013
Floyd,Harold,Flake,,,1945-01-30,,1987-01-06,1997-11-17,Democrat,,rep,NY,6,F000184,00388,404139
Thomas,Michael,Foglietta,,,1928-12-03,M,1981-01-05,1997-11-11,Democrat,,rep,PA,1,F000235,00395,404190
Jon,D.,Fox,,,1947-04-22,,1995-01-04,1998-12-19,Republican,,rep,PA,13,F000332,00406,404280
Elizabeth,,Furse,,,1936-10-13,,1993-01-05,1998-12-19,Democrat,,rep,OR,1,F000434,00423,404375
Newton,Leroy,Gingrich,,,1943-06-17,,1979-01-15,1998-12-19,Republican,,rep,GA,6,G000225,00441,404587
Henry,Barbosa,González,,,1916-05-03,M,1961-01-03,1998-12-19,Democrat,,rep,TX,20,G000272,00445,404634
Phil,,Gramm,,,1942-07-08,M,1979-01-15,2002-11-22,Republican,2,sen,TX,,G000365,00453,300159
Lee,Herbert,Hamilton,,,1931-04-20,,1965-01-04,1998-12-19,Democrat,,rep,IN,9,H000114,00489,404996
Willie,Gathrel,Hefner,,Bill,1930-04-11,,1975-01-14,1998-12-19,Democrat,,rep,NC,8,H000448,00525,405313
Jesse,,Helms,,,1921-10-18,,1973-01-03,2002-11-22,Republican,2,sen,NC,,H000463,01359,300154
Tim,,Hutchinson,,,1949-08-11,M,1993-01-05,2002-11-22,Republican,2,sen,AR,,H001015,00578,300151
Jay,W.,Johnson,,,1943-09-30,,1997-01-07,1998-12-19,Democrat,,rep,WI,8,J000149,01496,406047
Joseph,Patrick,Kennedy,II,,1952-09-24,M,1987-01-06,1998-12-19,Democrat,,rep,MA,8,K000110,00626,406277
Barbara,Bailey,Kennelly,,,1936-07-10,,1981-01-05,1998-12-19,Democrat,,rep,CT,1,K000118,00628,406284
Jay,,Kim,,,1939-03-27,,1993-01-05,1998-12-19,Republican,,rep,CA,41,K000181,00632,406343
Scott,L.,Klug,,,1953-01-16,,1991-01-03,1998-12-19,Republican,,rep,WI,2,K000274,00641,406431
Thomas,J.,Manton,,,1932-11-03,M,1985-01-03,1998-12-19,Democrat,,rep,NY,7,M000117,00732,407141
Joseph,Michael,McDade,,,1931-09-29,M,1963-01-09,1998-12-19,Republican,,rep,PA,10,M000399,00765,407400
Paul,F.,McHale,Jr.,,1950-07-26,M,1993-01-05,1998-12-19,Democrat,,rep,PA,15,M000466,00772,407465
Susan,,Molinari,,,1958-03-27,,1989-01-03,1997-08-02,Republican,,rep,NY,13,M000843,00823,407817
Mark,W.,Neumann,,,1954-02-27,M,1995-01-04,1998-12-19,Republican,,rep,WI,1,N000054,00861,408142
Michael,James,Pappas,,,1960-12-29,M,1997-01-07,1998-12-19,Republican,,rep,NJ,12,P000049,01509,408459
Michael,,Parker,,Mike,1949-10-31,M,1989-01-03,1998-12-19,Republican,,rep,MS,4,P000066,00889,408476
L.,William,Paxon,,,1954-04-29,,1989-01-03,1998-12-19,Republican,,rep,NY,27,P000148,00901,408553
Glenn,,Poshard,,,1945-10-30,,1989-01-03,1998-12-19,Democrat,,rep,IL,19,P000452,00925,408839
William,Thomas,Redmond,,,1955-01-28,M,1997-01-07,1998-12-19,Republican,,rep,NM,3,R000567,01515,409087
William,Blaine,Richardson,,,1947-11-15,M,1983-01-03,1997-02-13,Democrat,,rep,NM,3,R000229,00958,409205
Frank,D.,Riggs,,,1950-09-05,M,1991-01-03,1998-12-19,Republican,,rep,CA,1,R000252,00962,409228
Carlos,,Romero-Barceló,,,1932-09-04,M,1993-01-05,2000-12-15,Democrat,,rep,PR,0,R000417,00980,400615
Daniel,,Schaefer,,,1936-01-25,M,1983-01-03,1998-12-19,Republican,,rep,CO,6,S000109,01026,409618
Steven,Harvey,Schiff,,,1947-03-18,,1989-01-03,1998-03-25,Republican,,rep,NM,1,S000125,01030,409633
David,Evans,Skaggs,,,1943-02-22,M,1987-01-06,1998-12-19,Democrat,,rep,CO,2,S000462,01062,409954
Bob,,Smith,,,1941-03-30,M,1985-01-03,2002-11-22,Republican,2,sen,NH,,S000606,01082,300155
Linda,,Smith,,,1950-07-16,,1995-01-04,1998-12-19,Republican,,rep,WA,3,S000587,01078,410067
Robert,Freeman,Smith,,,1931-06-16,M,1983-01-03,1998-12-19,Republican,,rep,OR,2,S000607,01083,410084
Vincent,K.,Snowbarger,,,1949-09-16,,1997-01-07,1998-12-19,Republican,,rep,KS,3,S000662,01529,410136
Gerald,Brooks Hunt,Solomon,,,1930-08-14,,1979-01-15,1998-12-19,Republican,,rep,NY,22,S000675,01088,410147
Louis,,Stokes,,,1925-02-23,M,1969-01-03,1998-12-19,Democrat,,rep,OH,11,S000948,01115,410407
Frank,Mariano,Tejeda,,,1945-10-02,M,1993-01-05,1997-01-30,Democrat,,rep,TX,28,T000113,01147,410695
Fred,,Thompson,,,1942-08-19,M,1994-01-01,2002-11-22,Republican,2,sen,TN,,T000457,01447,300158
J.,Strom,Thurmond,,,1902-12-05,M,1955-01-05,2002-11-22,Republican,2,sen,SC,,T000254,01448,300157
Esteban,Edward,Torres,,,1930-01-27,,1983-01-03,1998-12-19,Democrat,,rep,CA,34,T000316,01162,410889
Robert,,Torricelli,,,1951-08-27,M,1983-01-03,2002-11-22,Democrat,2,sen,NJ,,T000317,01163,300156
Paul,David,Wellstone,,,1944-07-21,M,1991-01-03,2002-10-25,Democrat,2,sen,MN,,W000288,01454,400566
Richard,Alan,White,,Rick,1953-11-06,M,1995-01-04,1998-12-19,Republican,,rep,WA,1,W000391,01220,411550
Sidney,Richard,Yates,,,1909-08-27,,1949-01-03,1998-12-19,Democrat,,rep,IL,9,Y000013,01252,411947
Bill,,Archer,,,1928-03-22,M,1971-01-21,2000-12-15,Republican,,rep,TX,7,A000215,00026,400567
Bill,,Barrett,,,1929-02-09,M,1991-01-03,2000-12-15,Republican,,rep,NE,3,B000179,00057,400568
Herbert,H.,Bateman,,,1928-08-07,M,1983-01-03,2000-12-15,Republican,,rep,VA,1,B000229,00064,400569
Tom,,Bliley,,,1932-01-28,M,1981-01-05,2000-12-15,Republican,,rep,VA,7,B000556,00097,400571
John,B.,Breaux,,,1944-03-01,M,1971-01-21,2004-12-09,Democrat,3,sen,LA,,B000780,00120,300012
George,E.,Brown,Jr.,,1920-03-06,M,1963-01-09,2000-12-15,Democrat,,rep,CA,42,B000918,00134,400572
Ben,Nighthorse,Campbell,,,1933-04-13,M,1987-01-06,2004-12-09,Republican,3,sen,CO,,C000077,00168,300017
Tom,,Campbell,,,1952-08-14,M,1989-01-03,2000-12-15,Republican,,rep,CA,15,C000100,00170,400573
Charles,T.,Canady,,,1954-06-22,M,1993-01-05,2000-12-15,Republican,,rep,FL,12,C000107,00171,400574
Helen,,Chenoweth-Hage,,,1938-01-27,F,1995-01-04,2000-12-15,Republican,,rep,ID,1,C000345,00194,400575
William,Lacy,Clay,Sr.,Bill,1931-04-30,M,1969-01-03,2000-12-15,Democrat,,rep,MO,1,C000488,00203,402626
Merrill,,Cook,,,1946-05-06,,1997-01-07,2000-12-15,Republican,,rep,UT,2,C000722,01475,400577
Paul,D.,Coverdell,,,1939-01-20,M,1993-01-05,2000-12-15,Republican,3,sen,GA,,C000813,01310,400558
Pat,,Danner,,,1934-01-13,,1993-01-05,2000-12-15,Democrat,,rep,MO,6,D000046,00265,400578
Thomas,A.,Daschle,,Tom,1947-12-09,M,1979-01-15,2004-12-09,Democrat,3,sen,SD,,D000064,00267,300031
Jay,,Dickey,,,1939-12-14,M,1993-01-05,2000-12-15,Republican,,rep,AR,4,D000312,00295,400579
Julian,C.,Dixon,,,1934-08-08,M,1979-01-15,2000-12-15,Democrat,,rep,CA,32,D000373,00301,400580
John,Reid,Edwards,,,1953-06-10,M,1999-01-06,2004-12-09,Democrat,3,sen,NC,,E000286,01573,300039
Thomas,W.,Ewing,,,1935-09-19,M,1991-01-03,2000-12-15,Republican,,rep,IL,15,E000282,00366,400581
Peter,G.,Fitzgerald,,,1960-10-20,M,1999-01-06,2004-12-09,Republican,3,sen,IL,,F000442,01571,300044
Michael,P.,Forbes,,,1952-07-16,M,1995-01-04,2000-12-15,Democrat,,rep,NY,1,F000257,00398,400582
Tillie,K.,Fowler,,,1942-12-23,,1993-01-05,2000-12-15,Republican,,rep,FL,4,F000328,00404,400583
Bob,,Franks,,,1951-09-21,M,1993-01-05,2000-12-15,Republican,,rep,NJ,7,F000349,00409,400584
Sam,,Gejdenson,,,1948-05-20,,1981-01-05,2000-12-15,Democrat,,rep,CT,2,G000120,00431,400585
William,F.,Goodling,,,1927-12-05,M,1975-01-14,2000-12-15,Republican,,rep,PA,19,G000291,00447,400586
Bob,,Graham,,,1936-11-09,M,1987-01-06,2004-12-09,Democrat,3,sen,FL,,G000352,01342,300046
Rick,,Hill,,,1946-12-30,M,1997-01-07,2000-12-15,Republican,,rep,MT,0,H000605,01489,400587
Ernest,F.,Hollings,,Fritz,1922-01-01,M,1966-01-01,2004-12-09,Democrat,3,sen,SC,,H000725,01361,300053
John,R.,Kasich,,,1952-05-13,M,1983-01-03,2000-12-15,Republican,,rep,OH,12,K000016,00618,400590
Ron,,Klink,,,1951-09-23,M,1993-01-05,2000-12-15,Democrat,,rep,PA,4,K000270,00639,400591
Steven,T.,Kuykendall,,,1947-01-27,M,1999-01-06,2000-12-15,Republican,,rep,CA,36,K000357,01582,400592
Rick,A.,Lazio,,,1958-03-13,M,1993-01-05,2000-12-15,Republican,,rep,NY,2,L000155,00670,400594
Robert,Linligthgow,Livingston,Jr.,,1943-04-30,M,1977-01-04,1999-03-01,Republican,,rep,LA,1,L000371,00696,406863
Matthew,G.,Martínez,,,1929-02-14,M,1981-01-05,2000-12-15,Democrat/Republican,,rep,CA,31,M000206,00743,400595
Bill,,McCollum,,,1944-07-12,M,1981-01-05,2000-12-15,Republican,,rep,FL,8,M000350,00761,400596
David,M.,McIntosh,,,1958-06-08,M,1995-01-04,2000-12-15,Republican,,rep,IN,2,M000481,00776,400597
Jack,,Metcalf,,,1927-11-30,,1995-01-04,2000-12-15,Republican,,rep,WA,2,M000669,00792,400598
David,,Minge,,,1942-03-19,M,1993-01-05,2000-12-15,Democrat,,rep,MN,2,M000795,00813,400599
Frank,H.,Murkowski,,,1933-03-28,M,1981-01-05,2002-12-19,Republican,3,sen,AK,,M001085,01408,300150
Don,,Nickles,,,1948-12-06,M,1981-01-05,2004-12-09,Republican,3,sen,OK,,N000102,01412,300079
Ron,,Packard,,,1931-01-19,M,1983-01-03,2000-12-15,Republican,,rep,CA,48,P000005,00886,400601
Edward,A.,Pease,,,1951-05-22,M,1997-01-07,2000-12-15,Republican,,rep,IN,7,P000171,01511,400602
Owen,B.,Pickett,,,1930-08-31,,1987-01-06,2000-12-15,Democrat,,rep,VA,2,P000326,00916,400603
John,Edward,Porter,,,1935-06-01,M,1979-01-15,2000-12-15,Republican,,rep,IL,10,P000444,00923,400604
James,E.,Rogan,,,1957-08-21,M,1997-01-07,2000-12-15,Republican,,rep,CA,27,R000386,01519,400605
Bruce,F.,Vento,,,1940-10-07,M,1977-01-04,2000-12-15,Democrat Farmer Labor,,rep,MN,4,V000087,01185,400612
Robert,A.,Weygand,,,1948-05-10,M,1997-01-07,2000-12-15,Democrat,,rep,RI,2,W000315,01538,400613
Robert,E.,Wise,Jr.,,1948-01-06,M,1983-01-03,2000-12-15,Democrat,,rep,WV,2,W000654,01237,400614
Zell,Bryan,Miller,,,1932-02-24,M,2000-01-01,2004-12-09,Democrat,3,sen,GA,,M001141,01624,300074
George,Felix,Allen,,,1952-03-08,M,1991-01-03,2006-12-09,Republican,1,sen,VA,,A000121,00013,300004
Richard,K.,Armey,,,1940-07-07,M,1985-01-03,2002-11-22,Republican,,rep,TX,26,A000217,00028,400551
John,,Baldacci,,,1955-01-30,M,1995-01-04,2002-11-22,Democrat,,rep,ME,2,B000081,00048,400525
James,A.,Barcia,,,1952-02-25,M,1993-01-05,2002-11-22,Democrat,,rep,MI,5,B000134,00052,400526
Bob,,Barr,,,1948-11-05,M,1995-01-04,2002-11-22,Republican,,rep,GA,7,B000169,00056,400514
Thomas,M.,Barrett,,,1953-12-08,M,1993-01-05,2002-11-22,Democrat,,rep,WI,5,B000177,00058,400553
Ken,,Bentsen,,,1959-06-03,M,1995-01-04,2002-11-22,Democrat,,rep,TX,25,B000400,00079,400550
Rod,,Blagojevich,,,1956-12-10,M,1997-01-07,2002-11-22,Democrat,,rep,IL,5,B000518,01463,400518
David,E.,Bonior,,,1945-06-06,M,1977-01-04,2002-11-22,Democrat,,rep,MI,10,B000619,00108,400527
Robert,A.,Borski,,,1948-10-20,M,1983-01-03,2002-11-22,Democrat,,rep,PA,3,B000644,00111,400542
Ed,,Bryant,,,1948-09-07,,1995-01-04,2002-11-22,Republican,,rep,TN,7,B000996,00141,400549
Conrad,,Burns,,,1935-01-25,M,1989-01-03,2006-12-09,Republican,1,sen,MT,,B001126,01298,300015
H.,L.,Callahan,,,1932-09-11,,1985-01-03,2002-11-22,Republican,,rep,AL,1,C000052,00164,400500
Jean,,Carnahan,,,1933-12-20,,2001-01-03,2002-11-22,Democrat,1,sen,MO,,C001043,01680,300153
Lincoln,D.,Chafee,,,1953-03-26,M,1999-01-06,2006-12-09,Republican,1,sen,RI,,C001040,01612,300020
Eva,,Clayton,,,1934-09-16,F,1991-01-03,2002-11-22,Democrat,,rep,NC,1,C000494,00204,400532
Robert,,Clement,,,1943-09-23,M,1987-01-06,2002-11-22,Democrat,,rep,TN,5,C000503,00205,400548
Gary,,Condit,,,1948-04-21,M,1989-01-03,2002-11-22,Democrat,,rep,CA,18,C000670,00226,400505
John,,Cooksey,,,1941-08-20,M,1997-01-07,2002-11-22,Republican,,rep,LA,5,C000735,01476,400522
Jon,Stevens,Corzine,,,1947-01-01,M,2001-01-03,2006-01-17,Democrat,1,sen,NJ,,C001042,01630,300028
William,J.,Coyne,,,1936-08-24,M,1981-01-05,2002-11-22,Democrat,,rep,PA,14,C000846,00245,400543
Mark,,Dayton,,,1947-01-26,M,2001-01-03,2006-12-09,Democrat,1,sen,MN,,D000596,01629,300032
Michael,,DeWine,,Mike,1947-01-05,M,1983-01-03,2006-12-09,Republican,1,sen,OH,,D000294,00293,300033
Robert,L.,Ehrlich,Jr.,,1957-11-25,M,1995-01-04,2002-11-22,Republican,,rep,MD,2,E000093,00340,400523
William,H.,Frist,,Bill,1952-02-22,M,1995-01-04,2006-12-09,Republican,1,sen,TN,,F000439,01336,300045
Greg,,Ganske,,,1949-03-31,M,1995-01-04,2002-11-22,Republican,,rep,IA,4,G000041,00428,400517
George,W.,Gekas,,,1930-04-14,M,1983-01-03,2002-11-22,Republican,,rep,PA,17,G000121,00432,400544
Benjamin,,Gilman,,,1922-12-06,M,1973-01-03,2002-11-22,Republican,,rep,NY,20,G000212,00440,400536
Felix,,Grucci,,,1951-11-25,,2001-01-03,2002-11-22,Republican,,rep,NY,1,G000547,01662,400535
Tony,P.,Hall,,,1942-01-16,M,1979-01-15,2002-09-09,Democrat,,rep,OH,3,H000074,00487,400538
James,V.,Hansen,,,1932-08-14,M,1981-01-05,2002-11-22,Republican,,rep,UT,1,H000172,00498,400552
Van,,Hilleary,,,1959-06-20,,1995-01-04,2002-11-22,Republican,,rep,TN,4,H000615,00538,400547
Earl,F.,Hilliard,,,1942-04-09,M,1993-01-05,2002-11-22,Democrat,,rep,AL,7,H000621,00539,400502
Stephen,,Horn,,,1931-05-31,M,1993-01-05,2002-11-22,Republican,,rep,CA,38,H000789,00559,400506
Asa,,Hutchinson,,,1950-12-03,,1997-01-07,2001-08-06,Republican,,rep,AR,3,H001014,01493,400588
James,M.,Jeffords,,Jim,1934-05-11,M,1975-01-14,2006-12-09,Independent,1,sen,VT,,J000072,00593,300057
Brian,,Kerns,,,1957-05-22,M,2001-01-03,2002-11-22,Republican,,rep,IN,7,K000359,01650,400521
John,J.,LaFalce,,,1939-10-06,M,1975-01-14,2002-11-22,Democrat,,rep,NY,29,L000556,00657,400537
Steve,,Largent,,,1954-09-28,M,1993-01-05,2002-02-15,Republican,,rep,OK,1,L000096,00664,400593
William,,Luther,,,1945-06-27,M,1995-01-04,2002-11-22,Democrat,,rep,MN,6,L000521,00718,400529
James,,Maloney,,,1948-09-17,M,1997-01-07,2002-11-22,Democrat,,rep,CT,5,M000090,01502,400508
Frank,,Mascara,,,1930-01-19,M,1995-01-04,2002-11-22,Democrat,,rep,PA,20,M000212,00745,400545
Carrie,,Meek,,,1926-04-29,F,1993-01-05,2002-11-22,Democrat,,rep,FL,17,M000628,00789,400511
Dan,,Miller,,,1942-05-30,M,1993-01-05,2002-11-22,Republican,,rep,FL,13,M000720,00807,400510
Patsy,Takemoto,Mink,,,1927-12-06,F,1965-01-04,2002-09-28,Democrat,,rep,HI,2,M000797,00815,400554
John,Joseph,Moakley,,,1927-04-27,M,1973-01-03,2001-05-28,Democrat,,rep,MA,9,M000834,00820,400600
Constance,,Morella,,,1931-02-12,F,1987-01-06,2002-11-22,Republican,,rep,MD,8,M000941,00833,400524
David,,Phelps,,,1947-10-26,M,1999-01-06,2002-11-22,Democrat,,rep,IL,19,P000584,01586,400519
Bob,,Riley,,,1944-10-03,M,1997-01-07,2002-11-22,Republican,,rep,AL,3,R000258,01517,400501
Lynn,,Rivers,,,1956-12-19,F,1995-01-04,2002-11-22,Democrat,,rep,MI,13,R000281,00966,400528
Timothy,,Roemer,,,1956-10-30,M,1991-01-03,2002-11-22,Democrat,,rep,IN,3,R000385,00976,400520
Marge,,Roukema,,,1929-09-19,F,1981-01-05,2002-11-22,Republican,,rep,NJ,5,R000465,00990,400533
Richard,J.,Santorum,,Rick,1958-05-10,M,1991-01-03,2006-12-09,Republican,1,sen,PA,,S000059,01015,300085
Paul,S.,Sarbanes,,,1933-02-03,M,1971-01-21,2006-12-09,Democrat,1,sen,MD,,S000064,01017,300086
Thomas,C.,Sawyer,,,1945-08-15,M,1987-01-06,2002-11-22,Democrat,,rep,OH,14,S000094,01022,400539
Joe,,Scarborough,,,1963-04-09,M,1995-01-04,2001-09-05,Republican,,rep,FL,1,S000106,01025,400608
Bob,,Schaffer,,,1962-07-24,M,1997-01-07,2002-11-22,Republican,,rep,CO,4,S000112,01524,400507
Ronnie,,Shows,,,1947-01-26,,1999-01-06,2002-11-22,Democrat,,rep,MS,4,S001147,01565,400530
Bill,,Shuster,Sr.,Bud,1932-01-23,M,1973-01-03,2001-02-05,Republican,,rep,PA,9,S000394,01055,400374
Norman,,Sisisky,,,1927-06-09,M,1983-01-03,2001-03-29,Democrat,,rep,VA,4,S000453,01060,400609
Joseph,,Skeen,,,1927-06-30,,1981-01-05,2002-11-22,Republican,,rep,NM,2,S000463,01063,400534
Floyd,,Spence,,,1928-04-09,,1971-01-21,2001-08-16,Republican,,rep,SC,2,S000718,01091,400610
Robert,,Stump,,,1927-04-04,M,1977-01-04,2002-11-22,Republican,,rep,AZ,3,S001044,01122,400504
Karen,,Thurman,,,1951-01-12,F,1993-01-05,2002-11-22,Democrat,,rep,FL,5,T000253,01157,400509
James,A.,Traficant,Jr.,,1941-05-08,M,1985-01-03,2002-07-24,Democrat,,rep,OH,17,T000350,01166,400611
Robert,A.,Underwood,,,1948-07-13,M,1993-01-05,2002-11-22,Democrat,,rep,GU,0,U000014,01175,400516
Wes,,Watkins,,,1938-12-15,,1977-01-04,2002-11-22,Republican,,rep,OK,3,W000194,01206,400540
J.C.,,Watts,,,1957-11-18,,1995-01-04,2002-11-22,Republican,,rep,OK,4,W000210,01208,400541
Dean,,Barkley,,,1950-08-31,M,2002-11-05,2002-11-22,Independent,2,sen,MN,,B001237,01690,401147
James,M.,Talent,,Jim,1956-10-18,M,1993-01-05,2006-12-09,Republican,1,sen,MO,,T000024,01135,300096
Aníbal,,Acevedo-Vilá,,,1962-02-13,M,2001-01-03,2004-12-09,Popular Democrat,,rep,PR,0,A000359,01679,400002
Wayne,A.,Allard,,,1943-12-02,M,1991-01-03,2009-01-03,Republican,2,sen,CO,,A000109,00011,300003
Frank,W.,Ballance,Jr.,,1942-02-15,M,2003-01-07,2004-06-11,Democrat,,rep,NC,1,B001238,01734,400014
Cass,,Ballenger,,,1926-12-06,M,1985-01-03,2004-12-09,Republican,,rep,NC,10,B000104,00050,400015
Chris,,Bell,,,1959-11-23,M,2003-01-07,2004-12-09,Democrat,,rep,TX,25,B001241,01750,400022
Douglas,K.,Bereuter,,Doug,1939-10-06,M,1979-01-15,2004-12-09,Republican,,rep,NE,1,B000403,00080,400023
Max,,Burns,,,1948-11-08,M,2003-01-07,2004-12-09,Republican,,rep,GA,12,B001249,01721,400053
Brad,,Carson,,,1967-03-11,M,2001-01-03,2004-12-09,Democrat,,rep,OK,2,C001044,01665,400066
Norm,,Coleman,,,1949-08-17,M,2003-01-07,2009-01-03,Republican,2,sen,MN,,C001057,01697,300024
Michael,Allen,Collins,,Mac,1944-10-15,M,1993-01-05,2004-12-09,Republican,,rep,GA,8,C000640,00222,400078
Larry,,Combest,,,1945-03-20,M,1985-01-03,2003-05-31,Republican,,rep,TX,19,C000653,00224,400079
Larry,E.,Craig,,,1945-07-20,M,1981-01-05,2009-01-03,Republican,2,sen,ID,,C000858,00246,300029
Philip,M.,Crane,,Phil,1930-11-03,M,1969-01-03,2004-12-09,Republican,,rep,IL,8,C000873,00249,400085
Peter,,Deutsch,,,1957-04-01,M,1993-01-05,2004-12-09,Democrat,,rep,FL,20,D000275,00291,400106
Elizabeth,H.,Dole,,,1936-07-29,F,2003-01-07,2009-01-03,Republican,2,sen,NC,,D000601,01698,300035
Pete,V.,Domenici,,,1932-05-07,M,1973-01-03,2009-01-03,Republican,2,sen,NM,,D000407,01319,300036
Calvin,M.,Dooley,,Cal,1954-01-11,M,1991-01-03,2004-12-09,Democrat,,rep,CA,20,D000424,00306,400112
Jennifer,B.,Dunn,,,1941-07-29,F,1993-01-05,2004-12-09,Republican,,rep,WA,8,D000549,00324,400117
Ernest,Lee,Fletcher,,Ernie,1952-11-12,M,1999-01-06,2003-12-08,Republican,,rep,KY,6,F000441,01563,400135
Jonas,,Frost,III,Martin,1942-01-01,M,1979-01-15,2004-12-09,Democrat,,rep,TX,24,F000392,00419,400143
Richard,Andrew,Gephardt,,Dick,1941-01-31,M,1977-01-04,2004-12-09,Democrat,,rep,MO,3,G000132,00433,400146
Porter,J.,Goss,,,1938-11-26,M,1989-01-03,2004-12-09,Republican,,rep,FL,14,G000336,00450,400156
James,C.,Greenwood,,Jim,1951-05-04,M,1993-01-05,2004-12-09,Republican,,rep,PA,8,G000439,00465,400161
Charles,T.,Hagel,,Chuck,1946-10-04,M,1997-01-07,2009-01-03,Republican,2,sen,NE,,H001028,01545,300050
Joseph,M.,Hoeffel,,,1950-09-03,M,1999-01-06,2004-12-09,Democrat,,rep,PA,13,H001031,01579,400181
Amory,,Houghton,Jr.,Amo,1926-08-07,M,1987-01-06,2004-12-09,Republican,,rep,NY,29,H000814,00563,400188
William,J.,Janklow,,Bill,1939-09-13,M,2003-01-07,2004-01-20,Republican,,rep,SD,0,J000286,01746,400200
Christopher,,John,,Chris,1960-01-05,M,1997-01-07,2004-12-09,Democrat,,rep,LA,7,J000110,01495,400203
Gerald,D.,Kleczka,,Jerry,1943-11-26,M,1983-01-03,2004-12-09,Democrat,,rep,WI,4,K000259,00637,400223
William,O.,Lipinski,,,1937-12-22,M,1983-01-03,2004-12-09,Democrat,,rep,IL,3,L000342,00694,400243
Kenneth,R.,Lucas,,Ken,1933-08-22,M,1999-01-06,2004-12-09,Democrat,,rep,KY,4,L000558,01562,400248
Denise,,Majette,,,1955-05-18,F,2003-01-07,2004-12-09,Democrat,,rep,GA,4,M001145,01719,400250
Robert,T.,Matsui,,,1941-09-17,M,1979-01-15,2004-12-09,Democrat,,rep,CA,5,M000249,00748,400256
Karen,,McCarthy,,,1947-03-18,F,1995-01-04,2004-12-09,Democrat,,rep,MO,5,M000316,00756,400258
Scott,,McInnis,,,1953-05-09,M,1993-01-05,2004-12-09,Republican,,rep,CO,3,M000477,00775,400265
George,R.,Nethercutt,Jr.,,1944-10-07,M,1995-01-04,2004-12-09,Republican,,rep,WA,5,N000051,00860,400292
Doug,,Ose,,,1955-06-27,M,1999-01-06,2004-12-09,Republican,,rep,CA,3,O000164,01585,400304
Jack,,Quinn,,,1951-04-13,M,1993-01-05,2004-12-09,Republican,,rep,NY,27,Q000016,00938,400329
Max,A.,Sandlin,Jr.,,1952-09-29,M,1997-01-07,2004-12-09,Democrat,,rep,TX,1,S000044,01523,400358
Edward,L.,Schrock,,Ed,1941-04-06,M,2001-01-03,2004-12-09,Republican,,rep,VA,2,S001151,01673,400362
Gordon,Harold,Smith,,,1952-05-25,M,1997-01-07,2009-01-03,Republican,2,sen,OR,,S001142,01549,300090
Nick,,Smith,,,1934-11-05,M,1993-01-05,2004-12-09,Republican,,rep,MI,7,S000597,01080,400382
Charles,W.,Stenholm,,Charlie,1938-10-26,M,1979-01-15,2004-12-09,Democrat,,rep,TX,17,S000851,01110,400389
Ted,F.,Stevens,,,1923-11-18,M,1968-01-01,2009-01-03,Republican,2,sen,AK,,S000888,01440,300094
John,E.,Sununu,,,1964-09-10,M,1997-01-07,2009-01-03,Republican,2,sen,NH,,S001078,01532,300095
William,J.,Tauzin,,Billy,1943-06-14,M,1979-01-15,2004-12-09,Republican,,rep,LA,3,T000058,01140,400397
James,,Turner,,Jim,1946-02-06,M,1997-01-07,2004-12-09,Democrat,,rep,TX,2,T000424,01536,400410
John,W.,Warner,,,1927-02-18,M,1979-01-15,2009-01-03,Republican,2,sen,VA,,W000154,01452,300099
Evan,,Bayh,,,1955-12-26,M,1999-01-06,2010-12-22,Democrat,3,sen,IN,,B001233,01572,300006
Bob,,Beauprez,,,1948-09-22,M,2003-01-07,2006-12-09,Republican,,rep,CO,7,B001240,01712,400020
Robert,F.,Bennett,,,1933-09-18,M,1993-01-05,2010-12-22,Republican,3,sen,UT,,B000382,01280,300007
Michael,,Bilirakis,,,1930-07-16,M,1983-01-03,2006-12-09,Republican,,rep,FL,9,B000463,00089,400028
Sherwood,L.,Boehlert,,Sherry,1936-09-28,M,1983-01-03,2006-12-09,Republican,,rep,NY,24,B000586,00101,400035
Christopher,S.,Bond,,Kit,1939-03-06,M,1987-01-06,2010-12-22,Republican,3,sen,MO,,B000611,01286,300010
Henry,,Bonilla,,,1954-01-02,M,1993-01-05,2006-12-09,Republican,,rep,TX,23,B000617,00107,400037
Jeb,E.,Bradley,,,1952-10-20,M,2003-01-07,2006-12-09,Republican,,rep,NH,1,B001246,01736,400045
Samuel,D.,Brownback,,Sam,1956-09-12,M,1995-01-04,2010-12-22,Republican,3,sen,KS,,B000953,00137,300013
Jim,,Bunning,,,1931-10-23,M,1987-01-06,2010-12-22,Republican,3,sen,KY,,B001066,00146,300014
Ed,,Case,,,1952-09-27,M,2003-01-07,2006-12-09,Democrat,,rep,HI,2,C001055,01693,400069
Chris,,Chocola,,,1962-02-24,M,2003-01-07,2006-12-09,Republican,,rep,IN,2,C001052,01726,400072
C.,Christopher,Cox,,,1952-10-16,M,1989-01-03,2005-08-02,Republican,,rep,CA,48,C000830,00242,400083
Randall,H.,Cunningham,,Duke,1941-12-08,M,1991-01-03,2005-12-01,Republican,,rep,CA,50,C000994,00258,400091
James,,Davis,,Jim,1957-10-11,M,1997-01-07,2006-12-09,Democrat,,rep,FL,11,D000114,01478,400094
Thomas,Dale,DeLay,,Tom,1947-04-08,M,1985-01-03,2006-06-09,Republican,,rep,TX,22,D000217,00282,400104
Christopher,J.,Dodd,,,1944-05-27,M,1975-01-14,2010-12-22,Democrat,3,sen,CT,,D000388,00302,300034
Byron,L.,Dorgan,,,1942-05-14,M,1981-01-05,2010-12-22,Democrat,3,sen,ND,,D000432,00308,300037
Lane,A.,Evans,,,1951-08-04,M,1983-01-03,2006-12-09,Democrat,,rep,IL,17,E000250,00361,400126
Russell,D.,Feingold,,,1953-03-02,M,1993-01-05,2010-12-22,Democrat,3,sen,WI,,F000061,01331,300042
Mark,Adam,Foley,,,1954-09-08,M,1995-01-04,2006-09-29,Republican,,rep,FL,16,F000238,00396,400136
Harold,E.,Ford,Jr.,,1970-05-11,M,1997-01-07,2006-12-09,Democrat,,rep,TN,9,F000262,01483,400138
James,A.,Gibbons,,Jim,1944-12-16,M,1997-01-07,2006-12-09,Republican,,rep,NV,2,G000152,01485,400148
Mark,A.,Green,,,1960-06-01,M,1999-01-06,2006-12-09,Republican,,rep,WI,8,G000545,01559,400159
Judd,A.,Gregg,,,1947-02-14,M,1981-01-05,2010-12-22,Republican,3,sen,NH,,G000445,00466,300049
Gilbert,W.,Gutknecht,,Gil,1951-03-20,M,1995-01-04,2006-12-09,Republican,,rep,MN,1,G000536,00479,400164
Katherine,,Harris,,,1957-04-05,F,2003-01-07,2006-12-09,Republican,,rep,FL,13,H001035,01714,400167
Melissa,A.,Hart,,,1962-04-04,F,2001-01-03,2006-12-09,Republican,,rep,PA,4,H001033,01666,400168
John,D.,Hayworth,Jr.,J.D.,1958-07-12,M,1995-01-04,2006-12-09,Republican,,rep,AZ,5,H000413,00520,400173
Joel,,Hefley,,,1935-04-18,M,1987-01-06,2006-12-09,Republican,,rep,CO,5,H000444,00524,400174
John,Nathan,Hostettler,,,1961-06-19,M,1995-01-04,2006-12-09,Republican,,rep,IN,8,H000807,00562,400187
Henry,John,Hyde,,,1924-04-18,M,1975-01-14,2006-12-09,Republican,,rep,IL,6,H001022,00580,400192
Ernest,J.,Istook,Jr.,,1950-02-11,M,1993-01-05,2006-12-09,Republican,,rep,OK,5,I000047,00586,400197
William,Lewis,Jenkins,,Bill,1936-11-29,M,1997-01-07,2006-12-09,Republican,,rep,TN,1,J000082,01494,400202
Nancy,Lee,Johnson,,,1935-01-05,F,1983-01-03,2006-12-09,Republican,,rep,CT,5,J000163,00602,400205
Sue,W.,Kelly,,,1936-09-26,F,1995-01-04,2006-12-09,Republican,,rep,NY,19,K000078,00624,400213
Mark,R.,Kennedy,,,1957-04-11,M,2001-01-03,2006-12-09,Republican,,rep,MN,6,K000358,01652,400214
James,T.,Kolbe,,Jim,1942-06-28,M,1985-01-03,2006-12-09,Republican,,rep,AZ,8,K000306,00645,400226
James,A.,Leach,,Jim,1942-10-15,M,1977-01-04,2006-12-09,Republican,,rep,IA,2,L000169,00672,400236
Blanche,Lambert,Lincoln,,,1960-09-30,F,1993-01-05,2010-12-22,Democrat,3,sen,AR,,L000035,01570,300068
Mel,,Martinez,,,1946-10-23,M,2005-01-04,2009-09-09,Republican,3,sen,FL,,M001162,01769,400621
Cynthia,,McKinney,,,1955-03-17,F,1993-01-05,2006-12-09,Democrat,,rep,GA,4,M000523,00780,400513
Robert,William,Ney,,Bob,1954-07-05,M,1995-01-04,2006-11-03,Republican,,rep,OH,18,N000081,00862,400293
Anne,Meagher,Northup,,,1948-01-22,F,1997-01-07,2006-12-09,Republican,,rep,KY,3,N000143,01508,400294
James,Allen,Nussle,,Jim,1960-06-27,M,1991-01-03,2006-12-09,Republican,,rep,IA,1,N000172,00871,400298
Thomas,William,Osborne,,Tom,1937-02-23,M,2001-01-03,2006-12-09,Republican,,rep,NE,3,O000165,01658,400303
C.L.,,Otter,,Butch,1942-05-03,M,2001-01-03,2006-12-09,Republican,,rep,ID,1,O000166,01646,400305
Major,R.,Owens,,,1936-06-28,M,1983-01-03,2006-12-09,Democrat,,rep,NY,11,O000159,00883,400306
Michael,G.,Oxley,,,1944-02-11,M,1981-01-05,2006-12-09,Republican,,rep,OH,4,O000163,00885,400307
Richard,W.,Pombo,,,1961-01-08,M,1993-01-05,2006-12-09,Republican,,rep,CA,11,P000419,00921,400322
Jim,R.,Ryun,,,1947-04-29,M,1995-01-04,2006-12-09,Republican,,rep,KS,2,R000566,01521,400353
Martin,Olav,Sabo,,,1938-02-28,M,1979-01-15,2006-12-09,Democrat,,rep,MN,5,S000005,01007,400354
Ken,,Salazar,,,1955-03-02,M,2005-01-04,2009-01-21,Democrat,3,sen,CO,,S001163,01762,400619
John,J.H.,Schwarz,,Joe,1937-11-15,M,2005-01-04,2006-12-09,Republican,,rep,MI,7,S001161,01788,400637
E.,Clay,Shaw,Jr.,,1939-04-19,M,1981-01-05,2006-12-09,Republican,,rep,FL,22,S000303,01047,400369
Donald,L.,Sherwood,,Don,1941-03-05,M,1999-01-06,2006-12-09,Republican,,rep,PA,10,S001146,01589,400372
Robert,Ruhl,Simmons,,Rob,1943-02-11,M,2001-01-03,2006-12-09,Republican,,rep,CT,2,S001152,01642,400375
Michael,E.,Sodrel,,,1945-12-17,M,2005-01-04,2006-12-09,Republican,,rep,IN,9,S001160,01783,400632
Arlen,,Specter,,,1930-02-12,M,1981-01-05,2010-12-22,Democrat,3,sen,PA,,S000709,01437,300092
Ted,,Strickland,,,1941-08-04,M,1993-01-05,2006-12-09,Democrat,,rep,OH,6,S001004,01118,400390
John,E.,Sweeney,,,1955-08-09,M,1999-01-06,2006-12-09,Republican,,rep,NY,20,S001149,01591,400393
Charles,H.,Taylor,,,1941-01-23,M,1991-01-03,2006-12-09,Republican,,rep,NC,11,T000067,01141,400398
William,M.,Thomas,,Bill,1941-12-06,M,1979-01-15,2006-12-09,Republican,,rep,CA,22,T000188,01148,400401
George,V.,Voinovich,,,1936-07-15,M,1999-01-06,2010-12-22,Republican,3,sen,OH,,V000126,01575,300098
W.,Curtis,Weldon,,Curt,1947-07-22,M,1987-01-06,2006-12-09,Republican,,rep,PA,7,W000268,01214,400428
Shelley,,Sekula-Gibbs,,,1953-06-22,F,2006-11-13,2006-12-09,Republican,,rep,TX,22,S001166,01819,412185
Thomas,H.,Allen,,Tom,1945-04-16,M,1997-01-07,2009-01-03,Democrat,,rep,ME,1,A000357,01461,400007
Richard,Hugh,Baker,,,1948-05-22,M,1987-01-06,2008-02-02,Republican,,rep,LA,6,B000072,00047,400012
Nancy,E.,Boyda,,,1955-08-02,F,2007-01-04,2009-01-03,Democrat,,rep,KS,2,B001258,01852,412210
Robert,C.,Byrd,,,1917-11-20,M,1953-01-03,2010-06-28,Democrat,1,sen,WV,,B001210,01299,300016
Christopher,B.,Cannon,,Chris,1950-10-20,M,1997-01-07,2009-01-03,Republican,,rep,UT,3,C000116,01470,400059
Julia,M.,Carson,,,1938-07-08,F,1997-01-07,2007-12-15,Democrat,,rep,IN,7,C000191,01473,400067
Hillary,Rodham,Clinton,,,1947-10-26,F,2001-01-03,2009-01-21,Democrat,1,sen,NY,,C001041,01631,300022
Robert,E.,Cramer,Jr.,Bud,1947-08-22,M,1991-01-03,2009-01-03,Democrat,,rep,AL,5,C000868,00247,400084
Barbara,L.,Cubin,,,1946-11-30,F,1995-01-04,2009-01-03,Republican,,rep,WY,0,C000962,00254,400088
David,,Davis,,,1959-11-06,M,2007-01-04,2009-01-03,Republican,,rep,TN,1,D000606,01877,412235
Jo Ann,S.,Davis,,,1950-06-29,F,2001-01-03,2007-10-06,Republican,,rep,VA,1,D000597,01672,400095
Thomas,M.,Davis,III,Tom,1949-01-05,M,1995-01-04,2008-11-24,Republican,,rep,VA,11,D000136,00274,400098
John,T.,Doolittle,,,1950-10-30,M,1991-01-03,2009-01-03,Republican,,rep,CA,4,D000429,00307,400113
Thelma,D.,Drake,,,1949-11-20,F,2005-01-04,2009-01-03,Republican,,rep,VA,2,D000605,01808,400658
Rahm,,Emanuel,,,1959-11-29,M,2003-01-07,2009-01-03,Democrat,,rep,IL,5,E000287,01725,400120
Philip,,English,,Phil,1956-06-20,M,1995-01-04,2009-01-03,Republican,,rep,PA,3,E000187,00347,400123
John,Eric,Ensign,,,1958-03-25,M,1995-01-04,2011-05-03,Republican,1,sen,NV,,E000194,00348,300040
Terry,,Everett,,,1937-02-15,M,1993-01-05,2009-01-03,Republican,,rep,AL,2,E000268,00364,400127
Tom,C.,Feeney,,,1958-05-21,M,2003-01-07,2009-01-03,Republican,,rep,FL,24,F000447,01716,400131
Michael,,Ferguson,,Mike,1970-06-22,M,2001-01-03,2009-01-03,Republican,,rep,NJ,7,F000443,01659,400132
Luis,G.,Fortuño,,,1960-10-31,M,2005-01-04,2009-01-03,Republican,,rep,PR,0,F000452,01800,400662
Vito,J.,Fossella,Jr.,,1965-03-09,M,1997-01-07,2009-01-03,Republican,,rep,NY,13,F000440,01484,400139
Wayne,T.,Gilchrest,,,1946-04-15,M,1991-01-03,2009-01-03,Republican,,rep,MD,1,G000180,00438,400149
Paul,E.,Gillmor,,,1939-02-01,M,1989-01-03,2007-09-05,Republican,,rep,OH,5,G000210,00439,400150
Virgil,H.,Goode,Jr.,,1946-10-17,M,1997-01-07,2009-01-03,Republican,,rep,VA,5,G000280,01486,400153
J.,Dennis,Hastert,,Denny,1942-01-02,M,1987-01-06,2007-11-26,Republican,,rep,IL,14,H000323,00510,400169
Robin,C.,Hayes,,,1945-08-14,M,1999-01-06,2009-01-03,Republican,,rep,NC,8,H001029,01600,400172
David,Lee,Hobson,,Dave,1936-10-17,M,1991-01-03,2009-01-03,Republican,,rep,OH,7,H000666,00545,400180
Darlene,,Hooley,,,1939-04-04,F,1997-01-07,2009-01-03,Democrat,,rep,OR,5,H000762,01491,400186
Kenny,C.,Hulshof,,,1958-05-22,M,1997-01-07,2009-01-03,Republican,,rep,MO,9,H000948,01492,400190
Duncan,L.,Hunter,,,1948-05-31,M,1981-01-05,2009-01-03,Republican,,rep,CA,52,H000981,00575,400191
William,J.,Jefferson,,,1947-03-14,M,1991-01-03,2009-01-03,Democrat,,rep,LA,2,J000070,00592,400201
Bobby,,Jindal,,,1971-06-10,M,2005-01-04,2008-01-14,Republican,,rep,LA,1,J000287,01785,400634
Stephanie,Tubbs,Jones,,,1949-09-10,F,1999-01-06,2008-08-20,Democrat,,rep,OH,11,J000284,01581,400208
Ric,,Keller,,,1964-09-05,M,2001-01-03,2009-01-03,Republican,,rep,FL,8,K000361,01644,400212
Edward,M.,Kennedy,,Ted,1932-02-22,M,1962-01-01,2009-08-25,Democrat,1,sen,MA,,K000105,01377,300059
Joseph,K.,Knollenberg,,Joe,1933-11-28,M,1993-01-05,2009-01-03,Republican,,rep,MI,9,K000288,00642,400225
John,R.,Kuhl,Jr.,Randy,1943-04-19,M,2005-01-04,2009-01-03,Republican,,rep,NY,29,K000364,01795,400642
Ray,H.,LaHood,,,1945-12-06,M,1995-01-04,2009-01-03,Republican,,rep,IL,18,L000552,00659,400228
Nicholas,V.,Lampson,,Nick,1945-02-14,M,1997-01-07,2009-01-03,Democrat,,rep,TX,22,L000043,01500,400229
Tom,,Lantos,,,1928-02-01,M,1981-01-05,2008-02-11,Democrat,,rep,CA,12,L000090,00663,400231
Ron,,Lewis,,,1946-09-14,M,1993-01-05,2009-01-03,Republican,,rep,KY,2,L000293,00689,400241
Trent,,Lott,,,1941-10-09,M,1973-01-03,2007-12-18,Republican,1,sen,MS,,L000447,00707,300069
Tim,,Mahoney,,,1956-08-15,M,2007-01-04,2009-01-03,Democrat,,rep,FL,16,M001164,01841,412197
James,O.,McCrery,III,Jim,1949-09-18,M,1987-01-06,2009-01-03,Republican,,rep,LA,4,M000388,00763,400261
Michael,R.,McNulty,,,1947-09-16,M,1989-01-03,2009-01-03,Democrat,,rep,NY,21,M000590,00785,400268
Martin,T.,Meehan,,Marty,1956-12-30,M,1993-01-05,2007-07-01,Democrat,,rep,MA,5,M000627,00788,400269
Juanita,,Millender-McDonald,,,1938-09-07,F,1995-01-04,2007-04-22,Democrat,,rep,CA,37,M000714,00805,400275
Marilyn,N.,Musgrave,,,1949-01-27,F,2003-01-07,2009-01-03,Republican,,rep,CO,4,M001152,01711,400287
Charles,W.,Norwood,Jr.,Charlie,1941-07-27,M,1995-01-04,2007-02-13,Republican,,rep,GA,10,N000159,00869,400296
John,E.,Peterson,,,1938-12-25,M,1997-01-07,2009-01-03,Republican,,rep,PA,5,P000263,01512,400317
Charles,W.,Pickering,Jr.,Chip,1963-08-10,M,1997-01-07,2009-01-03,Republican,,rep,MS,3,P000323,01513,400319
Jon,Christopher,Porter,Sr.,,1955-05-16,M,2003-01-07,2009-01-03,Republican,,rep,NV,3,P000589,01739,400324
Deborah,D.,Pryce,,,1951-07-29,F,1993-01-05,2009-01-03,Republican,,rep,OH,15,P000555,00933,400327
James,M.,Ramstad,,Jim,1946-05-06,M,1991-01-03,2009-01-03,Republican,,rep,MN,3,R000033,00942,400332
Ralph,,Regula,,,1924-12-03,M,1973-01-03,2009-01-03,Republican,,rep,OH,16,R000141,00951,400334
Rick,,Renzi,,,1958-06-11,M,2003-01-07,2009-01-03,Republican,,rep,AZ,1,R000574,01706,400336
Thomas,M.,Reynolds,,,1950-09-03,M,1999-01-06,2009-01-03,Republican,,rep,NY,26,R000569,01587,400338
Bill,,Sali,,,1954-02-17,M,2007-01-04,2009-01-03,Republican,,rep,ID,1,S001167,01847,412201
H.,James,Saxton,,Jim,1943-01-22,M,1983-01-03,2009-01-03,Republican,,rep,NJ,3,S000097,01023,400359
Christopher,H.,Shays,,,1945-10-18,M,1987-01-06,2009-01-03,Republican,,rep,CT,4,S001144,01048,400370
Thomas,G.,Tancredo,,Tom,1945-12-20,M,1999-01-06,2009-01-03,Republican,,rep,CO,6,T000458,01592,400394
Craig,,Thomas,,,1933-02-17,M,1989-01-03,2007-06-04,Republican,1,sen,WY,,T000162,01149,300097
James,T.,Walsh,,Jim,1947-06-19,M,1989-01-03,2009-01-03,Republican,,rep,NY,25,W000099,01197,400420
David,J.,Weldon,Jr.,Dave,1953-08-31,M,1995-01-04,2009-01-03,Republican,,rep,FL,15,W000267,01215,400427
Gerald,C.,Weller,,Jerry,1957-07-07,M,1995-01-04,2009-01-03,Republican,,rep,IL,11,W000273,01216,400429
Heather,A.,Wilson,,,1960-12-30,F,1997-01-07,2009-01-03,Republican,,rep,NM,1,W000789,01539,400434
Albert,Russell,Wynn,,,1951-09-10,M,1993-01-05,2008-05-31,Democrat,,rep,MD,4,W000784,01251,400438
Donald,J.,Cazayoux,Jr.,,1964-01-17,M,2008-05-06,2009-01-03,Democrat,,rep,LA,6,C001073,01891,412260
Neil,,Abercrombie,,,1938-06-26,M,1985-01-03,2010-03-01,Democrat,,rep,HI,1,A000014,00002,400001
John,H.,Adler,,,1959-08-23,M,2009-01-06,2010-12-22,Democrat,,rep,NJ,3,A000364,01935,412264
Michael,A.,Arcuri,,,1959-06-11,M,2007-01-04,2010-12-22,Democrat,,rep,NY,24,A000363,01867,412224
Brian,N.,Baird,,,1956-03-07,M,1999-01-06,2010-12-22,Democrat,,rep,WA,3,B001229,01557,400011
James,Gresham,Barrett,,J. Gresham,1961-02-14,M,2003-01-07,2010-12-22,Republican,,rep,SC,3,B001239,01745,400016
Melissa,L.,Bean,,,1962-01-22,F,2005-01-04,2010-12-22,Democrat,,rep,IL,8,B001253,01782,400631
Robert,Marion,Berry,,Marion,1942-08-27,M,1997-01-07,2010-12-22,Democrat,,rep,AR,1,B000420,01462,400026
Joseph,R.,Biden,Jr.,,1942-11-20,M,1973-01-03,2009-01-15,Democrat,2,sen,DE,,B000444,01284,300008
John,A.,Boccieri,,,1969-10-05,M,2009-01-06,2010-12-22,Democrat,,rep,OH,16,B001263,01949,412266
Frederick,C.,Boucher,,Rick,1946-08-01,M,1983-01-03,2010-12-22,Democrat,,rep,VA,9,B000657,00113,400043
Allen,,Boyd,Jr.,,1945-06-06,M,1997-01-07,2010-12-22,Democrat,,rep,FL,2,B000716,01467,400044
Bobby,,Bright,,,1952-07-21,M,2009-01-06,2010-12-22,Democrat,,rep,AL,2,B001264,01905,412267
Henry,E.,Brown,Jr.,,1935-12-20,M,2001-01-03,2010-12-22,Republican,,rep,SC,1,B001235,01669,400049
Virginia,,Brown-Waite,,Ginny,1943-10-05,F,2003-01-07,2010-12-22,Republican,,rep,FL,5,B001247,01713,400051
Stephen,E.,Buyer,,Steve,1958-11-26,M,1993-01-05,2010-12-22,Republican,,rep,IN,4,B001203,00160,400056
Anh,,Cao,,Joseph,1967-03-13,M,2009-01-06,2010-12-22,Republican,,rep,LA,2,C001079,01923,412268
Christopher,P.,Carney,,,1959-03-02,M,2007-01-04,2010-12-22,Democrat,,rep,PA,10,C001065,01876,412234
Michael,N.,Castle,,,1939-07-02,M,1993-01-05,2010-12-22,Republican,,rep,DE,0,C000243,00183,400070
Travis,W.,Childers,,,1958-03-29,M,2008-05-20,2010-12-22,Democrat,,rep,MS,1,C001074,01893,412262
Kathleen,A.,Dahlkemper,,,1957-12-10,F,2009-01-06,2010-12-22,Democrat,,rep,PA,3,D000608,01951,412273
Artur,,Davis,,,1967-10-09,M,2003-01-07,2010-12-22,Democrat,,rep,AL,7,D000602,01705,400092
Lincoln,,Davis,,,1943-09-13,M,2003-01-07,2010-12-22,Democrat,,rep,TN,4,D000599,01747,400096
Nathan,,Deal,,,1942-08-25,M,1993-01-05,2010-03-22,Republican,,rep,GA,9,D000168,00277,400099
William,D.,Delahunt,,Bill,1941-07-18,M,1997-01-07,2010-12-22,Democrat,,rep,MA,10,D000210,01480,400102
Lincoln,,Diaz-Balart,,,1954-08-13,M,1993-01-05,2010-12-22,Republican,,rep,FL,21,D000299,00294,400107
Steve,,Driehaus,,,1966-06-24,M,2009-01-06,2010-12-22,Democrat,,rep,OH,1,D000609,01946,412274
Thomas,,Edwards,,Chet,1951-11-24,M,1991-01-03,2010-12-22,Democrat,,rep,TX,17,E000063,00335,400118
Vernon,J.,Ehlers,,,1934-02-06,M,1993-01-05,2010-12-22,Republican,,rep,MI,3,E000092,00339,400119
Brad,,Ellsworth,,,1958-09-11,M,2007-01-04,2010-12-22,Democrat,,rep,IN,8,E000289,01851,412206
Bob,R.,Etheridge,,,1941-08-07,M,1997-01-07,2010-12-22,Democrat,,rep,NC,2,E000226,01482,400125
Mary,,Fallin,,,1954-12-09,F,2007-01-04,2010-12-22,Republican,,rep,OK,5,F000453,01872,412230
Barton,Jennings,Gordon,,Bart,1949-01-24,M,1985-01-03,2010-12-22,Democrat,,rep,TN,6,G000309,00448,400155
Parker,,Griffith,,,1942-08-06,M,2009-01-06,2010-12-22,Republican,,rep,AL,5,G000557,01906,412277
John,J.,Hall,,,1948-07-23,M,2007-01-04,2010-12-22,Democrat,,rep,NY,19,H001039,01865,412222
Deborah,L.,Halvorson,,,1958-03-01,F,2009-01-06,2010-12-22,Democrat,,rep,IL,11,H001044,01919,412279
Phil,,Hare,,,1949-02-21,M,2007-01-04,2010-12-22,Democrat,,rep,IL,17,H001040,01849,412204
Stephanie,,Herseth Sandlin,,,1970-12-03,F,2004-06-03,2010-12-22,Democrat,,rep,SD,0,H001037,01760,400443
Baron,P.,Hill,,,1953-06-23,M,1999-01-06,2010-12-22,Democrat,,rep,IN,9,H001030,01578,400177
Paul,W.,Hodes,,,1951-03-21,M,2007-01-04,2010-12-22,Democrat,,rep,NH,2,H001043,01862,412220
Peter,,Hoekstra,,Pete,1953-10-30,M,1993-01-05,2010-12-22,Republican,,rep,MI,2,H000676,00547,400182
Bob,,Inglis,,,1959-10-11,M,1993-01-05,2010-12-22,Republican,,rep,SC,4,I000023,00582,400649
Steve,,Kagen,,,1949-12-12,M,2007-01-04,2010-12-22,Democrat,,rep,WI,8,K000365,01880,412240
Paul,E.,Kanjorski,,,1937-04-02,M,1985-01-03,2010-12-22,Democrat,,rep,PA,11,K000008,00615,400210
Patrick,Joseph,Kennedy,,,1967-07-14,M,1995-01-04,2010-12-22,Democrat,,rep,RI,1,K000113,00627,400215
Carolyn,Cheeks,Kilpatrick,,,1945-06-25,F,1997-01-07,2010-12-22,Democrat,,rep,MI,13,K000180,01497,400217
Mary Jo,,Kilroy,,,1949-04-30,F,2009-01-06,2010-12-22,Democrat,,rep,OH,15,K000372,01948,412285
Ron,,Klein,,,1957-07-10,M,2007-01-04,2010-12-22,Democrat,,rep,FL,22,K000366,01842,412198
Suzanne,M.,Kosmas,,,1944-02-25,F,2009-01-06,2010-12-22,Democrat,,rep,FL,24,K000370,01917,412288
Frank,,Kratovil,Jr.,,1968-05-29,M,2009-01-06,2010-12-22,Democrat,,rep,MD,1,K000371,01926,412289
John,,Linder,,,1942-09-09,M,1993-01-05,2010-12-22,Republican,,rep,GA,7,L000321,00693,400242
Betsy,,Markey,,,1956-04-27,F,2009-01-06,2010-12-22,Democrat,,rep,CO,4,M001172,01911,412298
James,,Marshall,,Jim,1948-03-31,M,2003-01-07,2010-12-22,Democrat,,rep,GA,8,M001146,01718,400254
Eric,J. J.,Massa,,,1959-09-16,M,2009-01-06,2010-03-08,Democrat,,rep,NY,29,M001173,01945,412299
John,M.,McHugh,,,1948-09-29,M,1993-01-05,2009-09-21,Republican,,rep,NY,23,M000472,00773,400264
Michael,E.,McMahon,,,1957-09-12,M,2009-01-06,2010-12-22,Democrat,,rep,NY,13,M001174,01941,412296
Kendrick,Brett,Meek,,,1966-09-06,M,2003-01-07,2010-12-22,Democrat,,rep,FL,17,M001148,01715,400270
Charles,J.,Melancon,,,1947-10-03,M,2005-01-04,2010-12-22,Democrat,,rep,LA,3,M001161,01786,400635
Walter,,Minnick,,,1942-09-20,M,2009-01-06,2010-12-22,Democrat,,rep,ID,1,M001175,01918,412300
Harry,E.,Mitchell,,,1940-07-18,M,2007-01-04,2010-12-22,Democrat,,rep,AZ,5,M001167,01830,412187
Alan,B.,Mollohan,,,1943-05-14,M,1983-01-03,2010-12-22,Democrat,,rep,WV,1,M000844,00824,400281
Dennis,,Moore,,,1945-11-08,M,1999-01-06,2010-12-22,Democrat,,rep,KS,3,M001140,01561,400282
Patrick,J.,Murphy,,,1973-10-19,M,2007-01-04,2010-12-22,Democrat,,rep,PA,8,M001168,01875,412233
John,P.,Murtha,,,1932-06-17,M,1973-01-03,2010-02-08,Democrat,,rep,PA,12,M001120,00844,400286
Glenn,C.,Nye,,,1974-09-09,M,2009-01-06,2010-12-22,Democrat,,rep,VA,2,N000183,01957,412301
James,L.,Oberstar,,,1934-09-10,M,1975-01-14,2010-12-22,Democrat,,rep,MN,8,O000006,00876,400299
David,Ross,Obey,,Dave,1938-10-03,M,1969-01-03,2010-12-22,Democrat,,rep,WI,7,O000007,00877,400300
Solomon,P.,Ortiz,,,1937-06-03,M,1983-01-03,2010-12-22,Democrat,,rep,TX,27,O000107,00880,400302
Thomas,S. P.,Perriello,,,1974-10-09,M,2009-01-06,2010-12-22,Democrat,,rep,VA,5,P000600,01958,412304
Earl,Ralph,Pomeroy,,,1952-09-02,M,1993-01-05,2010-12-22,Democrat,,rep,ND,0,P000422,00922,400323
Adam,H.,Putnam,,,1974-07-31,M,2001-01-03,2010-12-22,Republican,,rep,FL,12,P000586,01645,400328
George,P.,Radanovich,,,1955-06-20,M,1995-01-04,2010-12-22,Republican,,rep,CA,19,R000004,00939,400330
Ciro,D.,Rodriguez,,,1946-12-09,M,1997-01-07,2010-12-22,Democrat,,rep,TX,23,R000568,01518,400339
John,Tony,Salazar,,,1953-07-21,M,2005-01-04,2010-12-22,Democrat,,rep,CO,3,S001158,01775,400620
Mark,H.,Schauer,,,1961-10-02,M,2009-01-06,2010-12-22,Democrat,,rep,MI,7,S001178,01928,412313
Joe,,Sestak,,,1951-12-12,M,2007-01-04,2010-12-22,Democrat,,rep,PA,7,S001169,01874,412232
John,B.,Shadegg,,,1949-10-22,M,1995-01-04,2010-12-22,Republican,,rep,AZ,3,S000275,01043,400368
Ike,,Skelton,,,1931-12-20,M,1977-01-04,2010-12-22,Democrat,,rep,MO,4,S000465,01064,400377
Victor,F.,Snyder,,Vic,1947-09-27,M,1997-01-07,2010-12-22,Democrat,,rep,AR,2,S000672,01530,400383
Hilda,L.,Solis,,,1957-10-20,F,2001-01-03,2009-02-24,Democrat,,rep,CA,32,S001153,01636,400384
Mark,Edward,Souder,,,1950-07-18,M,1995-01-04,2010-05-21,Republican,,rep,IN,3,S001143,01089,400385
Zachary,T.,Space,,Zack,1961-01-27,M,2007-01-04,2010-12-22,Democrat,,rep,OH,18,S001173,01871,412229
John,McKee,Spratt,Jr.,,1942-11-01,M,1983-01-03,2010-12-22,Democrat,,rep,SC,5,S000749,01092,400386
Bart,T.,Stupak,,,1952-02-29,M,1993-01-05,2010-12-22,Democrat,,rep,MI,1,S001045,01123,400391
John,S.,Tanner,,,1944-09-22,M,1989-01-03,2010-12-22,Democrat,,rep,TN,8,T000038,01137,400395
Ellen,O.,Tauscher,,,1951-11-15,F,1997-01-07,2009-06-26,Democrat,,rep,CA,10,T000057,01533,400396
Gene,,Taylor,,,1953-09-17,M,1989-01-03,2010-12-22,Democrat,,rep,MS,4,T000074,01142,400399
Harry,,Teague,,,1949-06-29,M,2009-01-06,2010-12-22,Democrat,,rep,NM,2,T000466,01938,412316
Todd,,Tiahrt,,,1951-06-15,M,1995-01-04,2010-12-22,Republican,,rep,KS,4,T000260,01158,400405
Zach,,Wamp,,,1957-10-28,M,1995-01-04,2010-12-22,Republican,,rep,TN,3,W000119,01199,400421
Diane,E.,Watson,,,1933-11-12,F,2001-06-07,2010-12-22,Democrat,,rep,CA,33,W000794,01682,400423
Robert,,Wexler,,,1961-01-02,M,1997-01-07,2010-01-04,Democrat,,rep,FL,19,W000314,01537,400430
Charles,A.,Wilson,,,1943-01-18,M,2007-01-04,2010-12-22,Democrat,,rep,OH,6,W000801,01869,412227
Roland,,Burris,,,1937-08-03,M,2009-01-15,2010-11-29,Democrat,3,sen,IL,,B001266,01963,412328
Edward,E.,Kaufman,,,1939-03-15,M,2009-01-16,2010-11-15,Democrat,2,sen,DE,,K000373,01964,412329
Scott,,Murphy,,,1970-01-26,M,2009-04-29,2010-12-22,Democrat,,rep,NY,20,M001178,01968,412332
George,S.,LeMieux,,,1969-05-21,M,2009-09-10,2010-12-22,Republican,3,sen,FL,,L000572,01971,412380
Paul,G.,Kirk,Jr.,,1938-01-18,M,2009-09-25,2010-02-04,Democrat,1,sen,MA,,K000374,01972,412381
Charles,,Djou,,,1970-08-09,M,2010-05-22,2010-12-22,Republican,,rep,HI,1,D000611,01978,412387
Carte,P.,Goodwin,,,1974-02-27,M,2010-07-20,2010-11-14,Democrat,1,sen,WV,,G000561,01980,412389
Dennis,A.,Cardoza,,,1959-03-31,M,2003-01-07,2012-08-15,Democrat,,rep,CA,18,C001050,01709,400065
Geoff,,Davis,,,1958-10-26,M,2005-01-04,2012-07-31,Republican,,rep,KY,4,D000603,01784,400633
Gabrielle,,Giffords,,,1970-06-08,F,2007-01-04,2012-01-25,Democrat,,rep,AZ,8,G000554,01831,412188
Jane,,Harman,,,1945-06-28,F,1993-01-05,2011-02-28,Democrat,,rep,CA,36,H000213,00502,400166
Jay,,Inslee,,,1951-02-09,M,1993-01-05,2012-03-20,Democrat,,rep,WA,1,I000026,00584,400193
Christopher,John,Lee,,,1964-04-01,M,2009-01-06,2011-02-09,Republican,,rep,NY,26,L000568,01944,412291
Thaddeus,G.,McCotter,,Thad,1965-08-22,M,2003-01-07,2012-07-06,Republican,,rep,MI,11,M001147,01732,400260
Donald,M.,Payne,,,1934-07-16,M,1989-01-03,2012-03-06,Democrat,,rep,NJ,10,P000149,00902,400312
Anthony,David,Weiner,,,1964-09-04,M,1999-01-06,2011-06-21,Democrat,,rep,NY,9,W000792,01597,400426
David,,Wu,,,1955-04-08,M,1999-01-06,2011-08-03,Democrat,,rep,OR,1,W000793,01598,400437
Jesse,Louis,Jackson,Jr.,,1965-03-11,M,1995-01-04,2012-11-21,Democrat,,rep,IL,2,J000283,00587,400198
Bob,,Filner,,,1942-09-04,M,1993-01-05,2012-12-03,Democrat,,rep,CA,51,F000116,00381,400133
Barack,,Obama,,,1961-08-04,M,2005-01-04,2008-11-16,Democrat,3,sen,IL,,O000167,01763,400629
Daniel,K.,Inouye,,,1924-09-07,M,1959-01-07,2012-12-17,Democrat,3,sen,HI,,I000025,01369,300056
Daniel,Kahikina,Akaka,,,1924-09-11,M,1977-01-04,2013-01-03,Democrat,1,sen,HI,,A000069,00007,300001
Jeff,,Bingaman,,,1943-10-03,M,1983-01-03,2013-01-03,Democrat,1,sen,NM,,B000468,01285,300009
Kent,Kent,Conrad,,,1948-03-12,M,1987-01-06,2013-01-03,Democrat,1,sen,ND,,C000705,01307,300026
Kay,Bailey,Hutchison,,,1943-07-22,F,1993-01-05,2013-01-03,Republican,1,sen,TX,,H001016,01368,300054
Herbert,H.,Kohl,,Herb,1935-02-07,M,1989-01-03,2013-01-03,Democrat,1,sen,WI,,K000305,01380,300061
Jon,,Kyl,,,1942-04-25,M,1987-01-06,2013-01-03,Republican,1,sen,AZ,,K000352,00655,300062
Joseph,I.,Lieberman,,,1942-02-24,M,1989-01-03,2013-01-03,Independent,1,sen,CT,,L000304,01385,300067
Richard,G.,Lugar,,,1932-04-04,M,1977-01-04,2013-01-03,Republican,1,sen,IN,,L000504,01387,300070
Ben,E.,Nelson,,,1941-05-17,M,2001-01-03,2013-01-03,Democrat,1,sen,NE,,N000180,01627,300077
Olympia,J.,Snowe,,,1947-02-21,F,1979-01-15,2013-01-03,Republican,1,sen,ME,,S000663,01085,300091
Jim,,Webb,,,1946-02-09,M,2007-01-04,2013-01-03,Democrat,1,sen,VA,,W000803,01822,412249
Scott,,Brown,,,1959-09-12,M,2010-02-04,2013-01-03,Republican,1,sen,MA,,B001268,01975,412384
Gary,L.,Ackerman,,,1942-11-19,M,1983-01-03,2013-01-03,Democrat,,rep,NY,5,A000022,00004,400003
Sandy,,Adams,,,1956-12-14,F,2011-01-05,2013-01-03,Republican,,rep,FL,24,A000366,02006,412414
W.,Todd,Akin,,,1947-07-05,M,2001-01-03,2013-01-03,Republican,,rep,MO,2,A000358,01655,400005
Jason,,Altmire,,,1968-03-07,M,2007-01-04,2013-01-03,Democrat,,rep,PA,4,A000362,01873,412231
Steve,,Austria,,,1958-10-12,M,2009-01-06,2013-01-03,Republican,,rep,OH,7,A000365,01947,412265
Joe,,Baca,,,1947-01-23,M,1999-01-06,2013-01-03,Democrat,,rep,CA,43,B001234,01614,400009
Roscoe,G.,Bartlett,,,1926-06-03,M,1993-01-05,2013-01-03,Republican,,rep,MD,6,B000208,00060,400017
Charles,F.,Bass,,Charlie,1952-01-08,M,1995-01-04,2013-01-03,Republican,,rep,NH,2,B000220,00063,400019
Rick,,Berg,,,1959-08-16,M,2011-01-05,2013-01-03,Republican,,rep,ND,0,B001272,02037,412458
Shelley,,Berkley,,,1951-01-20,F,1999-01-06,2013-01-03,Democrat,,rep,NV,1,B001231,01576,400024
Howard,L.,Berman,,,1941-04-15,M,1983-01-03,2013-01-03,Democrat,,rep,CA,28,B000410,00082,400025
Judy,,Biggert,,,1937-08-15,F,1999-01-06,2013-01-03,Republican,,rep,IL,13,B001232,01577,400027
Brian,P.,Bilbray,,,1951-01-28,M,1995-01-04,2013-01-03,Republican,,rep,CA,50,B000461,00087,400570
Mary,Whitaker,Bono Mack,,,1961-10-24,F,1998-04-07,2013-01-03,Republican,,rep,CA,45,B001228,01465,400039
Dan,,Boren,,,1973-08-02,M,2005-01-04,2013-01-03,Democrat,,rep,OK,2,B001254,01796,400645
Leonard,L.,Boswell,,,1934-01-10,M,1997-01-07,2013-01-03,Democrat,,rep,IA,3,B000652,01466,400042
Ann Marie,,Buerkle,,,1951-05-08,F,2011-01-05,2013-01-03,Republican,,rep,NY,25,B001276,02045,412456
Dan,L.,Burton,,,1938-06-21,M,1983-01-03,2013-01-03,Republican,,rep,IN,5,B001149,00154,400055
Francisco,,Canseco,,Quico,1949-07-30,M,2011-01-05,2013-01-03,Republican,,rep,TX,23,C001082,02066,412481
Russ,,Carnahan,,,1958-07-10,M,2005-01-04,2013-01-03,Democrat,,rep,MO,3,C001060,01789,400638
Ben,,Chandler,,,1959-09-12,M,2004-02-17,2013-01-03,Democrat,,rep,KY,6,C001058,01759,400442
Hansen,,Clarke,,,1957-03-02,M,2011-01-05,2013-01-03,Democrat,,rep,MI,13,C001085,02030,412440
Jerry,F.,Costello,,,1949-09-25,M,1987-01-06,2013-01-03,Democrat,,rep,IL,12,C000794,00238,400082
Chip,,Cravaack,,,1959-12-29,M,2011-01-05,2013-01-03,Republican,,rep,MN,8,C001086,02031,412441
Mark,S.,Critz,,,1962-01-05,M,2010-05-20,2013-01-03,Democrat,,rep,PA,12,C001081,01977,412386
Norman,D.,Dicks,,Norm,1940-12-16,M,1977-01-04,2013-01-03,Democrat,,rep,WA,6,D000327,00297,400109
Bob,,Dold,,,1969-06-23,M,2011-01-05,2013-01-03,Republican,,rep,IL,10,D000613,02013,412420
David,T.,Dreier,,,1952-07-05,M,1981-01-05,2013-01-03,Republican,,rep,CA,26,D000492,00317,400115
Barney,,Frank,,,1940-03-31,M,1981-01-05,2013-01-03,Democrat,,rep,MA,4,F000339,00407,400140
Elton,W.,Gallegly,,,1944-03-07,M,1987-01-06,2013-01-03,Republican,,rep,CA,24,G000021,00425,400144
Charles,A.,Gonzalez,,Charlie,1945-05-05,M,1999-01-06,2013-01-03,Democrat,,rep,TX,20,G000544,01555,400152
Frank,,Guinta,,,1970-09-26,M,2011-01-05,2013-01-03,Republican,,rep,NH,1,G000570,02038,412447
Nan,,Hayworth,,,1959-12-14,F,2011-01-05,2013-01-03,Republican,,rep,NY,19,H001054,02042,412452
Walter,,Herger,,Wally,1945-05-20,M,1987-01-06,2013-01-03,Republican,,rep,CA,2,H000528,00533,400176
Maurice,D.,Hinchey,,,1938-10-27,M,1993-01-05,2013-01-03,Democrat,,rep,NY,22,H000627,00541,400178
Tim,,Holden,,,1957-03-05,M,1993-01-05,2013-01-03,Democrat,,rep,PA,17,H000712,00550,400183
Timothy,V.,Johnson,,,1946-07-23,M,2001-01-03,2013-01-03,Republican,,rep,IL,15,J000285,01648,400207
Dale,E.,Kildee,,,1929-09-16,M,1977-01-04,2013-01-03,Democrat,,rep,MI,5,K000172,00631,400216
Larry,,Kissell,,,1951-01-31,M,2009-01-06,2013-01-03,Democrat,,rep,NC,8,K000369,01934,412287
Dennis,J.,Kucinich,,,1946-10-08,M,1997-01-07,2013-01-03,Democrat,,rep,OH,10,K000336,01499,400227
Steven,C.,LaTourette,,,1954-07-22,M,1995-01-04,2013-01-03,Republican,,rep,OH,14,L000553,00667,400235
Jeff,M.,Landry,,,1970-12-23,M,2011-01-05,2013-01-03,Republican,,rep,LA,3,L000574,02024,412433
Jerry,,Lewis,,,1934-10-21,M,1979-01-15,2013-01-03,Republican,,rep,CA,41,L000274,00687,400239
Daniel,E.,Lungren,,,1946-09-22,M,1979-01-15,2013-01-03,Republican,,rep,CA,3,L000517,00717,400617
Connie,,Mack,IV,,1967-08-12,M,2005-01-04,2013-01-03,Republican,,rep,FL,14,M001155,01776,400622
Donald,A.,Manzullo,,,1944-03-24,M,1993-01-05,2013-01-03,Republican,,rep,IL,16,M001138,00733,400252
R.,Bradley,Miller,,Brad,1953-05-19,M,2003-01-07,2013-01-03,Democrat,,rep,NC,13,M001154,01735,400280
Sue,W.,Myrick,,,1941-08-01,F,1995-01-04,2013-01-03,Republican,,rep,NC,9,M001134,00849,400288
John,W.,Olver,,,1936-09-03,M,1991-01-03,2013-01-03,Democrat,,rep,MA,1,O000085,00879,400301
Ronald,E.,Paul,,Ron,1935-08-20,M,1975-01-14,2013-01-03,Republican,,rep,TX,14,P000583,00900,400311
Mike,,Pence,,,1959-06-07,M,2001-01-03,2013-01-03,Republican,,rep,IN,6,P000587,01649,400315
Todd,R.,Platts,,,1962-03-05,M,2001-01-03,2013-01-03,Republican,,rep,PA,19,P000585,01667,400321
Ben,,Quayle,,,1976-11-03,M,2011-01-05,2013-01-03,Republican,,rep,AZ,3,Q000024,01993,412398
Dennis,,Rehberg,,Denny,1955-10-05,M,2001-01-03,2013-01-03,Republican,,rep,MT,0,R000571,01657,400335
Silvestre,,Reyes,,,1944-11-10,M,1997-01-07,2013-01-03,Democrat,,rep,TX,16,R000170,01516,400337
Laura,,Richardson,,,1962-04-14,F,2007-09-04,2013-01-03,Democrat,,rep,CA,37,R000581,01883,412253
David,,Rivera,,,1965-09-16,M,2011-01-05,2013-01-03,Republican,,rep,FL,25,R000590,02007,412415
Mike,,Ross,,,1961-08-02,M,2001-01-03,2013-01-03,Democrat,,rep,AR,4,R000573,01632,400345
Steven,R.,Rothman,,,1952-10-14,M,1997-01-07,2013-01-03,Democrat,,rep,NJ,9,R000462,01520,400346
Robert,T.,Schilling,,Bobby,1964-01-23,M,2011-01-05,2013-01-03,Republican,,rep,IL,17,S001182,02016,412423
Jean,,Schmidt,,,1951-11-29,F,2005-09-06,2013-01-03,Republican,,rep,OH,2,S001164,01815,412010
Heath,,Shuler,,,1971-12-31,M,2007-01-04,2013-01-03,Democrat,,rep,NC,11,S001171,01859,412225
Fortney,H.,Stark,,Pete,1931-11-11,M,1973-01-03,2013-01-03,Democrat,,rep,CA,13,S000810,01101,400387
Clifford,B.,Stearns,,Cliff,1941-04-16,M,1989-01-03,2013-01-03,Republican,,rep,FL,6,S000822,01103,400388
John,A.,Sullivan,,,1965-01-01,M,2002-02-27,2013-01-03,Republican,,rep,OK,1,S001155,01689,400392
Betty,,Sutton,,,1963-07-31,F,2007-01-04,2013-01-03,Democrat,,rep,OH,13,S001174,01870,412228
Edolphus,,Towns,,Ed,1934-07-21,M,1983-01-03,2013-01-03,Democrat,,rep,NY,10,T000326,01165,400409
Joe,,Walsh,,,1961-12-27,M,2011-01-05,2013-01-03,Republican,,rep,IL,8,W000811,02012,412424
Allen,,West,,,1961-02-07,M,2011-01-05,2013-01-03,Republican,,rep,FL,22,W000807,02005,412413
Lynn,C.,Woolsey,,,1937-11-03,F,1993-01-05,2013-01-03,Democrat,,rep,CA,6,W000738,01242,400436
Kathleen,C.,Hochul,,,1958-08-27,F,2011-06-01,2013-01-03,Democrat,,rep,NY,26,H001062,02088,412497
Robert,L.,Turner,,,1941-05-02,M,2011-09-13,2013-01-03,Republican,,rep,NY,9,T000471,02091,412499
David,Alan,Curson,,,1948-11-04,M,2012-11-13,2013-01-03,Democrat,,rep,MI,11,C001089,02095,412504
Jim,W.,DeMint,,,1951-09-02,M,1999-01-06,2013-01-01,Republican,3,sen,SC,,D000595,01605,400105
Jo Ann,H.,Emerson,,,1950-09-16,F,1997-01-07,2013-01-22,Republican,,rep,MO,8,E000172,01481,400121
John,Forbes,Kerry,,,1943-12-11,M,1985-01-03,2013-02-01,Democrat,2,sen,MA,,K000148,01379,300060
Frank,R.,Lautenberg,,,1924-01-23,M,1982-01-01,2013-06-03,Democrat,2,sen,NJ,,L000123,01381,300064
William,,Cowan,,Mo,1969-04-04,M,2013-02-06,2013-07-16,Democrat,2,sen,MA,,C001099,02189,412586
